ts,fps_instant,t_capture_ms,t_mp_ms,t_feat_ms,t_norm_ms,t_pred_ms,t_render_ms,hands_detected,pred,conf
1755067391.908042,,125.445,37.979,0.078,0.002,0.000,69.252,1,?,0.0000
1755067391.9474368,9.303,3.577,31.273,0.025,0.001,0.000,0.463,0,?,0.0000
1755067391.9844453,13.836,2.771,31.275,0.076,0.001,0.000,0.619,1,?,0.0000
1755067392.0203657,16.601,2.643,30.372,0.061,0.001,0.000,0.500,1,?,0.0000
1755067392.0689523,17.443,2.393,30.332,0.028,0.001,0.000,0.610,0,?,0.0000
1755067392.1225464,17.703,6.475,30.217,0.082,0.001,0.000,0.475,1,?,0.0000
1755067392.1684406,18.107,2.548,30.667,0.025,0.001,0.000,0.485,0,?,0.0000
1755067392.2204452,18.414,3.605,30.409,0.092,0.001,0.000,0.560,1,?,0.0000
1755067392.2779593,18.239,10.394,30.667,0.025,0.001,0.000,0.443,0,?,0.0000
1755067392.305241,19.311,5.800,16.038,0.025,0.001,0.000,0.482,0,?,0.0000
1755067392.347571,19.632,12.300,16.179,0.025,0.001,0.000,0.471,0,?,0.0000
1755067392.3852186,20.136,5.799,15.976,0.036,0.001,0.000,0.683,0,?,0.0000
1755067392.4176931,20.672,2.806,16.084,0.029,0.001,0.000,0.609,0,?,0.0000
1755067392.4451466,21.398,6.125,16.229,0.024,0.001,0.000,0.451,0,?,0.0000
1755067392.478992,21.853,2.730,15.983,0.029,0.001,0.000,0.482,0,?,0.0000
1755067392.8765373,14.419,2.200,15.978,0.027,0.001,366.517,0.437,0,?,0.4251
1755067392.9375658,14.581,5.391,16.339,0.042,0.002,32.616,0.576,0,?,0.3773
1755067392.9979265,14.656,9.773,16.571,0.024,0.001,33.488,0.447,0,?,0.3902
1755067393.0575235,14.764,5.474,16.244,0.025,0.001,32.839,0.428,0,?,0.4256
1755067393.135509,14.667,6.460,16.026,0.025,0.001,41.101,0.771,0,?,0.4033
1755067393.1952577,14.711,9.896,17.479,0.025,0.001,33.572,0.453,0,Bala,0.3870
1755067393.2567768,14.787,5.523,16.449,0.023,0.001,32.429,0.445,0,?,0.2936
1755067393.3255305,14.750,10.535,16.215,0.024,0.001,32.103,0.423,0,?,0.2394
1755067393.3898447,14.808,6.698,16.096,0.025,0.001,31.920,0.427,0,?,0.1898
1755067393.4586902,14.828,4.838,16.176,0.025,0.001,31.988,0.442,0,?,0.1700
1755067393.536975,14.734,2.498,31.004,0.062,0.001,32.404,0.487,1,?,0.0963
1755067393.6084273,14.668,3.994,30.638,0.064,0.001,31.980,0.432,1,?,0.2505
1755067393.7055004,14.413,11.199,44.034,0.077,0.001,32.778,0.421,1,Bala,0.3568
1755067393.7876365,14.355,5.163,15.170,0.062,0.002,39.155,0.911,1,Bala,0.3961
1755067393.86113,14.336,5.790,31.058,0.069,0.001,31.883,0.513,1,g,0.3871
1755067393.945502,14.483,9.949,29.914,0.064,0.001,31.413,0.423,1,g,0.3416
1755067394.0342402,14.145,6.633,30.079,0.139,0.003,30.944,0.458,1,?,0.2849
1755067394.115522,13.839,2.795,30.005,0.070,0.002,31.758,0.422,1,?,0.2273
1755067394.2024965,13.596,6.173,30.725,0.070,0.002,31.342,0.437,1,?,0.2049
1755067394.284999,13.411,2.719,30.192,0.063,0.001,31.899,0.556,1,?,0.2435
1755067394.3651047,13.214,2.571,30.128,0.070,0.001,31.204,0.454,1,?,0.2910
1755067394.4476316,13.014,4.284,29.808,0.118,0.002,31.983,0.622,1,l,0.3406
1755067394.5372715,12.839,6.494,33.327,0.064,0.001,32.470,0.497,1,l,0.3769
1755067394.607011,12.592,5.973,30.948,0.086,0.002,31.560,0.467,1,l,0.4055
1755067394.67668,12.432,6.339,30.883,0.065,0.001,32.800,0.424,1,l,0.4336
1755067394.7570155,12.211,6.211,29.954,0.064,0.002,30.656,0.575,1,l,0.4677
1755067394.831548,12.029,5.346,30.081,0.064,0.002,31.662,0.469,1,l,0.4665
1755067394.9201608,11.723,10.825,30.370,0.276,0.003,31.758,0.503,1,l,0.4784
1755067395.0001898,11.506,2.251,30.632,0.084,0.002,31.387,0.476,1,l,0.4906
1755067395.0751672,13.181,2.914,29.890,0.067,0.002,30.833,0.551,1,l,0.5083
1755067395.1675205,12.998,8.625,30.128,0.063,0.001,31.165,0.429,1,l,0.5240
1755067395.252804,12.871,6.303,30.126,0.071,0.002,30.785,0.736,1,l,0.5390
1755067395.325246,12.751,2.661,30.046,0.081,0.002,30.728,0.470,1,l,0.5564
1755067395.415309,12.717,2.584,29.830,0.094,0.002,31.356,0.531,1,l,0.5703
1755067395.5055456,12.576,10.223,31.033,0.062,0.002,32.189,0.507,1,l,0.5776
1755067395.5817397,12.493,4.630,30.453,0.067,0.002,31.521,0.495,1,l,0.5844
1755067395.6460865,12.499,2.767,30.109,0.064,0.001,33.192,0.430,1,l,0.5886
1755067395.731121,12.404,5.884,30.170,0.067,0.002,31.525,0.591,1,l,0.5892
1755067395.8160892,12.299,6.568,30.021,0.065,0.002,31.416,0.633,1,l,0.5830
1755067395.9052124,12.244,10.615,30.466,0.068,0.001,31.031,0.495,1,l,0.5738
1755067395.9866538,12.203,6.285,30.053,0.070,0.002,30.904,0.457,1,l,0.5642
1755067396.0616322,12.340,8.170,30.963,0.075,0.002,31.905,0.464,1,l,0.5565
1755067396.1429226,12.323,2.768,29.896,0.117,0.003,31.621,0.456,1,l,0.5551
1755067396.2241793,12.282,2.700,30.185,0.270,0.003,31.135,0.743,1,l,0.5559
1755067396.308248,12.296,5.112,30.372,0.071,0.002,31.678,0.471,1,l,0.5620
1755067396.3941772,12.292,5.644,30.300,0.087,0.002,31.842,0.531,1,l,0.5645
1755067396.4653013,12.340,6.646,30.095,0.065,0.002,30.692,0.424,1,l,0.5748
1755067396.5486062,12.345,5.826,29.974,0.066,0.001,31.194,0.484,1,l,0.5825
1755067396.6353786,12.332,6.856,30.130,0.066,0.002,33.907,0.458,1,l,0.5923
1755067396.713239,12.351,5.618,30.177,0.344,0.003,31.808,0.463,1,l,0.5995
1755067396.7982566,12.335,6.650,31.045,0.081,0.002,31.115,0.440,1,l,0.6045
1755067396.8799148,12.375,2.264,30.743,0.320,0.002,31.765,0.495,1,l,0.6069
1755067396.9625328,12.317,5.189,30.086,0.096,0.003,31.719,0.435,1,l,0.6085
1755067397.0468912,12.262,4.765,30.394,0.427,0.002,31.639,0.643,1,l,0.6101
1755067397.1282609,12.251,3.061,30.250,0.066,0.002,31.684,0.557,1,l,0.6116
1755067397.2119422,12.180,4.493,30.422,0.062,0.001,31.588,0.572,1,l,0.6101
1755067397.2952526,12.203,7.193,30.544,0.103,0.002,30.635,0.428,1,l,0.6077
1755067397.3792582,12.189,2.219,30.129,0.098,0.003,31.586,0.482,1,l,0.6054
1755067397.458758,12.186,2.575,29.985,0.063,0.002,31.109,0.423,1,l,0.6041
1755067397.5452673,12.191,6.458,29.942,0.070,0.002,32.487,0.451,1,l,0.5992
1755067397.6229737,12.237,6.431,30.138,0.078,0.002,34.175,0.448,1,l,0.5934
1755067397.711278,12.190,9.461,30.858,0.085,0.002,31.811,0.457,1,l,0.5858
1755067397.7963793,12.182,6.381,30.176,0.063,0.002,31.375,0.423,1,l,0.5798
1755067397.8802414,12.208,5.050,30.183,0.065,0.001,32.272,0.559,1,l,0.5731
1755067397.961442,12.186,2.656,30.163,0.067,0.002,31.554,0.430,1,l,0.5678
1755067398.0453131,12.107,6.796,29.881,0.063,0.002,31.157,0.423,1,l,0.5627
1755067398.1252964,12.079,5.807,29.981,0.065,0.001,31.522,0.427,1,l,0.5566
1755067398.2121866,12.096,2.629,29.748,0.065,0.002,31.346,0.427,1,l,0.5403
1755067398.2979252,12.116,7.222,30.112,0.065,0.001,31.949,0.436,1,l,0.5317
1755067398.3845258,12.106,6.897,30.199,0.070,0.002,31.992,0.515,1,l,0.5339
1755067398.4653559,12.060,5.122,30.192,0.085,0.002,31.162,0.435,1,l,0.5386
1755067398.5537858,12.034,6.107,43.603,0.070,0.002,32.799,0.445,1,l,0.5452
1755067398.6273327,12.056,8.174,30.551,0.071,0.002,34.086,0.426,1,l,0.4809
1755067398.7053668,12.078,6.427,30.040,0.027,0.002,31.298,0.456,0,l,0.5066
1755067398.777346,12.156,6.076,29.927,0.025,0.002,31.528,0.427,0,l,0.5116
1755067398.8453574,12.181,2.573,30.217,0.071,0.002,31.604,0.421,1,l,0.4246
1755067398.9269323,12.189,5.033,29.971,0.023,0.002,31.160,0.416,0,l,0.3696
1755067399.0184772,12.175,8.271,30.037,0.069,0.002,31.800,0.422,1,l,0.3752
1755067399.1003678,12.152,2.858,30.385,0.084,0.003,31.309,0.425,1,l,0.4994
1755067399.1855116,12.151,6.466,30.057,0.070,0.002,31.766,0.446,1,l,0.5325
1755067399.2593966,12.187,9.469,30.658,0.073,0.002,31.302,0.516,1,l,0.5049
1755067399.3446453,12.181,6.685,30.194,0.112,0.003,30.633,0.648,1,Bala,0.3972
1755067399.4198895,12.221,10.607,30.306,0.070,0.001,31.330,0.425,1,Bala,0.3134
1755067399.500426,12.216,2.742,30.530,0.079,0.002,32.084,0.467,1,Bala,0.5239
1755067399.586981,12.212,9.626,30.218,0.072,0.002,34.032,0.447,1,Bala,0.6495
1755067399.6604466,12.273,6.239,30.188,0.090,0.002,31.915,0.550,1,Aproveitar,0.7356
1755067399.7455277,12.247,8.568,30.302,0.064,0.002,31.514,0.430,1,Aproveitar,0.7684
1755067399.8355172,12.207,8.561,30.318,0.069,0.002,31.139,0.591,1,Aproveitar,0.7812
1755067399.917454,12.235,2.721,29.979,0.065,0.002,32.027,0.712,1,Aproveitar,0.6965
1755067399.9974377,12.180,7.684,30.199,0.068,0.002,31.012,0.473,1,Aproveitar,0.6296
1755067400.0855427,12.179,6.404,29.741,0.063,0.002,31.437,0.467,1,Aproveitar,0.5657
1755067400.1754422,12.178,2.705,30.188,0.070,0.002,32.946,0.431,1,Aproveitar,0.4982
1755067400.2597766,12.185,5.321,30.646,0.071,0.002,31.720,0.438,1,Aproveitar,0.4459
1755067400.340454,12.188,2.737,30.142,0.066,0.002,30.789,0.499,1,Aproveitar,0.4201
1755067400.421094,12.214,2.242,30.253,0.063,0.002,31.078,0.797,1,Aproveitar,0.4040
1755067400.5053334,12.210,5.953,30.057,0.066,0.001,32.191,0.457,1,Aproveitar,0.3952
1755067400.5979795,12.161,6.338,31.161,0.115,0.002,34.544,0.588,1,Aproveitar,0.3730
1755067400.6844459,12.158,6.798,30.429,0.281,0.003,31.206,0.803,1,Aproveitar,0.3686
1755067400.7726705,12.143,8.948,30.696,0.139,0.003,31.409,0.544,1,Aproveitar,0.3559
1755067400.8546,12.151,2.655,30.261,0.089,0.002,31.222,0.605,1,Aproveitar,0.3565
1755067400.9391253,12.156,5.615,30.451,0.072,0.001,31.616,0.507,1,Aproveitar,0.3521
1755067401.0204813,12.129,2.770,30.223,0.065,0.002,31.755,0.480,1,Aproveitar,0.3546
1755067401.105554,12.102,6.533,30.406,0.072,0.002,31.118,0.482,1,Aproveitar,0.3510
1755067401.1906507,12.029,5.318,30.280,0.288,0.002,31.440,0.465,1,Aproveitar,0.3425
1755067401.2771244,11.932,6.320,30.044,0.071,0.002,33.155,0.476,1,Aproveitar,0.3331
1755067401.359492,11.939,4.674,30.454,0.068,0.002,31.848,0.699,1,Aproveitar,0.3263
1755067401.4411767,11.971,2.318,30.478,0.072,0.002,31.650,0.471,1,Aproveitar,0.3145
1755067401.527116,11.950,6.609,30.250,0.066,0.002,31.471,0.454,1,Aproveitar,0.3068
1755067401.625139,11.881,6.537,44.870,0.083,0.002,33.773,0.422,1,?,0.2845
1755067401.6971145,11.892,5.740,28.759,0.025,0.001,33.117,0.435,0,?,0.2684
1755067401.780015,11.899,2.014,30.032,0.074,0.002,32.318,0.431,1,?,0.1690
1755067401.8651679,11.857,6.701,30.323,0.070,0.001,31.537,0.491,1,?,0.1124
1755067401.9458659,11.860,2.697,30.125,0.093,0.002,31.747,0.437,1,?,0.1420
1755067402.0286798,11.875,5.155,29.762,0.067,0.001,31.137,0.468,1,?,0.1577
1755067402.1075757,11.821,6.932,29.812,0.071,0.001,31.480,0.416,1,?,0.1600
1755067402.1991212,11.830,5.764,30.398,0.082,0.003,31.729,0.454,1,?,0.1480
1755067402.2801988,11.862,2.435,29.908,0.066,0.001,32.275,0.613,1,?,0.1371
1755067402.3607097,11.867,2.577,30.459,0.087,0.001,31.430,0.446,1,?,0.1311
1755067402.4472008,11.870,6.720,30.023,0.072,0.002,31.736,0.510,1,?,0.1316
1755067402.535117,11.879,5.098,30.090,0.065,0.001,36.431,0.451,1,?,0.1971
1755067402.6151526,11.898,8.877,30.681,0.076,0.001,33.434,0.430,1,?,0.2745
1755067402.6962678,11.908,10.155,30.201,0.112,0.002,31.535,0.491,1,l,0.3603
1755067402.780066,11.888,4.908,30.033,0.065,0.002,31.479,0.447,1,l,0.4422
1755067402.8642855,11.868,4.596,30.588,0.100,0.003,31.942,0.473,1,l,0.5152
1755067402.9477453,11.880,4.804,30.108,0.064,0.002,31.701,0.679,1,l,0.5571
1755067403.027254,11.935,2.116,29.978,0.066,0.002,31.209,0.438,1,l,0.5912
1755067403.1131492,11.940,5.766,29.796,0.071,0.002,31.601,0.442,1,l,0.6239
1755067403.1972387,11.954,6.674,29.720,0.069,0.002,31.630,0.452,1,l,0.6311
1755067403.282274,11.945,4.363,30.289,0.065,0.002,32.097,0.964,1,l,0.6326
1755067403.3651767,11.951,4.650,29.884,0.072,0.002,31.704,0.460,1,l,0.6320
1755067403.4362142,12.003,5.857,30.178,0.077,0.002,31.551,0.527,1,l,0.6295
1755067403.5172794,12.018,2.683,29.989,0.064,0.001,32.521,0.436,1,l,0.6276
1755067403.597278,12.045,6.208,30.730,0.065,0.002,35.196,0.457,1,l,0.6270
1755067403.6753035,12.072,10.088,29.861,0.116,0.003,31.411,0.436,1,l,0.6266
1755067403.7673538,12.046,8.650,30.272,0.064,0.002,31.633,0.481,1,l,0.6249
1755067403.8452883,12.044,2.709,29.855,0.064,0.002,31.782,0.425,1,l,0.6236
1755067403.9352381,12.037,6.706,31.167,0.065,0.002,31.773,0.466,1,l,0.6210
1755067404.018734,12.125,4.771,29.961,0.070,0.002,31.484,0.431,1,l,0.6272
1755067404.0992448,12.080,2.704,30.033,0.110,0.002,31.226,0.489,1,l,0.6392
1755067404.177338,12.087,2.737,30.004,0.066,0.002,31.375,0.451,1,l,0.6473
1755067404.2493448,12.166,4.788,30.219,0.077,0.002,30.796,0.584,1,l,0.6532
1755067404.330248,12.168,2.655,29.948,0.065,0.001,31.203,0.489,1,l,0.6451
1755067404.4157996,12.151,7.918,29.842,0.065,0.001,31.052,0.762,1,l,0.5928
1755067404.5003674,12.150,6.656,30.068,0.075,0.002,31.138,0.565,1,l,0.4786
1755067404.577759,12.164,6.850,30.183,0.063,0.002,33.345,0.427,1,l,0.3497
1755067404.6552284,12.186,6.244,30.039,0.072,0.002,32.166,0.455,1,?,0.2547
1755067404.7454832,12.155,7.387,29.880,0.064,0.001,30.985,0.470,1,?,0.2178
1755067404.8198955,12.220,8.243,30.393,0.107,0.002,31.456,0.715,1,?,0.2427
1755067404.9037929,12.241,5.387,30.475,0.070,0.001,31.079,0.476,1,?,0.2767
1755067404.9843943,12.236,2.688,29.899,0.062,0.002,31.309,0.425,1,l,0.3316
1755067405.0753224,12.212,6.042,30.094,0.067,0.002,32.063,0.468,1,nao,0.4268
1755067405.1514463,12.229,3.530,30.149,0.063,0.002,31.385,0.463,1,nao,0.5114
1755067405.2178147,12.316,4.042,30.136,0.071,0.002,31.085,0.438,1,nao,0.5593
1755067405.3065317,12.294,7.474,30.387,0.079,0.003,31.901,0.574,1,nao,0.5902
1755067405.3783133,12.337,6.627,30.795,0.081,0.002,31.460,0.449,1,nao,0.6056
1755067405.4624581,12.339,5.042,30.637,0.066,0.002,31.764,0.523,1,nao,0.6143
1755067405.5484324,12.327,6.867,30.691,0.077,0.002,33.766,0.442,1,nao,0.6185
1755067405.6323333,12.339,5.101,30.568,0.066,0.002,31.311,0.573,1,nao,0.6214
1755067405.7153022,12.332,7.348,29.683,0.064,0.002,31.184,0.429,1,nao,0.6216
1755067405.7852976,12.325,8.072,30.145,0.064,0.002,31.074,0.427,1,nao,0.6211
1755067405.862442,12.368,8.130,30.308,0.065,0.002,30.819,0.495,1,nao,0.6208
1755067405.9274347,12.420,5.789,30.263,0.065,0.002,30.450,0.475,1,nao,0.6207
1755067406.0244617,12.369,10.295,30.910,0.071,0.002,31.277,0.434,1,nao,0.6205
1755067406.107979,12.388,6.157,30.478,0.082,0.002,31.165,0.484,1,nao,0.6211
1755067406.1774483,12.450,5.157,30.161,0.064,0.002,31.832,0.532,1,nao,0.6217
1755067406.2616158,12.467,4.835,30.313,0.071,0.002,31.472,0.445,1,nao,0.6243
1755067406.3274653,12.533,6.152,30.165,0.077,0.003,31.056,0.438,1,nao,0.6259
1755067406.4156594,12.523,2.721,30.238,0.064,0.002,31.994,0.429,1,nao,0.6267
1755067406.5004797,12.493,5.288,30.121,0.064,0.002,33.761,0.521,1,nao,0.6262
1755067406.5854528,12.411,6.488,30.567,0.075,0.002,31.222,0.490,1,nao,0.6235
1755067406.668375,12.405,6.108,30.245,0.071,0.002,31.479,0.492,1,nao,0.6195
1755067406.745399,12.412,5.404,29.946,0.067,0.002,30.794,0.457,1,nao,0.6150
1755067406.8445444,12.374,11.689,30.567,0.080,0.002,30.687,0.704,1,nao,0.6112
1755067406.9156477,12.433,6.594,30.223,0.084,0.003,31.774,0.509,1,nao,0.6093
1755067407.0000234,12.393,5.398,30.611,0.074,0.002,31.284,0.610,1,nao,0.6084
1755067407.0813973,12.419,2.702,30.191,0.074,0.002,32.250,0.473,1,nao,0.6104
1755067407.1655447,12.361,5.955,30.280,0.065,0.002,31.453,0.481,1,nao,0.6126
1755067407.2453535,12.378,2.704,30.045,0.064,0.002,31.418,0.432,1,nao,0.6144
1755067407.327428,12.367,3.668,30.321,0.064,0.001,31.276,0.451,1,nao,0.6163
1755067407.413131,12.380,4.709,29.875,0.065,0.002,31.382,0.645,1,nao,0.6186
1755067407.4966187,12.354,4.631,30.457,0.076,0.002,33.041,0.463,1,nao,0.6230
1755067407.5755224,12.266,13.322,31.119,0.070,0.002,31.835,0.439,1,nao,0.6255
1755067407.6552558,12.336,6.246,30.229,0.065,0.002,31.304,0.466,1,nao,0.6286
1755067407.7375598,12.285,6.392,30.599,0.065,0.002,30.730,0.596,1,nao,0.6303
1755067407.8151248,12.285,6.297,29.895,0.067,0.002,31.020,0.476,1,nao,0.6326
1755067407.8955169,12.356,9.651,30.470,0.065,0.002,31.299,0.437,1,nao,0.6336
1755067407.9836705,12.332,6.582,30.054,0.065,0.002,31.840,0.476,1,nao,0.6349
1755067408.0696216,12.329,6.620,30.868,0.072,0.002,31.233,0.437,1,nao,0.6346
1755067408.1504676,12.275,2.692,30.190,0.072,0.002,32.498,0.450,1,nao,0.6331
1755067408.2306206,12.253,1.951,29.876,0.066,0.002,31.066,0.433,1,nao,0.6306
1755067408.3154402,12.171,5.903,30.468,0.073,0.002,31.502,0.650,1,nao,0.6290
1755067408.4011621,12.201,6.665,30.116,0.065,0.002,31.740,0.518,1,nao,0.6263
1755067408.4845638,12.203,2.302,30.285,0.096,0.003,33.656,0.454,1,nao,0.6258
1755067408.5676668,12.138,11.044,30.530,0.065,0.002,31.707,0.436,1,nao,0.6258
1755067408.637051,12.187,6.386,30.670,0.072,0.002,30.810,0.442,1,nao,0.6254
1755067408.7322242,12.084,10.199,30.197,0.072,0.002,31.372,0.498,1,nao,0.6243
1755067408.814523,12.089,2.578,30.212,0.071,0.002,31.863,0.458,1,nao,0.6246
1755067408.8995826,12.093,6.147,30.364,0.069,0.002,31.529,0.601,1,nao,0.6260
1755067408.9801846,12.109,2.827,29.909,0.072,0.002,31.763,0.571,1,nao,0.6270
1755067409.067189,12.083,9.371,30.645,0.071,0.002,31.452,0.466,1,nao,0.6284
1755067409.148685,12.098,2.785,29.968,0.072,0.002,31.556,0.554,1,nao,0.6299
1755067409.2352035,12.129,7.317,30.443,0.069,0.002,31.600,0.465,1,nao,0.6316
1755067409.3191135,12.071,5.814,30.285,0.071,0.003,31.198,0.460,1,nao,0.6335
1755067409.404098,12.066,6.415,29.974,0.085,0.002,31.425,0.472,1,nao,0.6359
1755067409.4854064,12.062,2.759,30.074,0.066,0.001,33.326,0.486,1,nao,0.6352
1755067409.567632,12.047,6.393,31.241,0.067,0.002,33.357,0.528,1,nao,0.6353
1755067409.6541467,12.047,9.229,30.443,0.070,0.002,31.583,0.474,1,nao,0.6343
1755067409.731222,12.076,6.696,30.185,0.066,0.002,31.079,0.550,1,nao,0.6318
1755067409.8192286,12.050,10.029,30.189,0.074,0.002,31.349,0.529,1,nao,0.6299
1755067409.904166,12.053,6.641,30.195,0.123,0.003,30.877,0.472,1,nao,0.6289
1755067409.9767306,12.111,6.658,31.896,0.064,0.002,31.979,0.451,1,nao,0.6254
1755067410.0599587,12.066,4.900,30.666,0.065,0.002,31.990,0.450,1,nao,0.6228
1755067410.1411815,12.075,2.739,30.159,0.065,0.002,31.400,0.437,1,nao,0.6184
1755067410.225401,12.077,4.617,29.978,0.065,0.002,31.774,0.689,1,nao,0.6133
1755067410.306282,12.039,2.650,30.566,0.065,0.002,31.183,0.482,1,nao,0.6090
1755067410.3902068,12.053,4.770,30.187,0.066,0.002,31.670,0.665,1,nao,0.6035
1755067410.4711993,12.065,2.570,30.178,0.074,0.002,33.592,0.464,1,nao,0.5996
1755067410.5572662,12.053,6.811,30.235,0.071,0.002,32.463,0.456,1,nao,0.5979
1755067410.6325946,12.072,5.219,30.370,0.066,0.002,31.484,0.583,1,nao,0.5953
1755067410.7043133,12.141,6.246,30.781,0.102,0.002,31.315,0.442,1,nao,0.5911
1755067410.7857187,12.162,2.700,29.858,0.064,0.002,31.062,0.470,1,nao,0.5872
1755067410.873937,12.138,9.427,30.124,0.066,0.001,31.599,0.464,1,nao,0.5836
1755067410.9582074,12.128,6.196,30.185,0.063,0.002,30.945,0.486,1,nao,0.5815
1755067411.0312753,12.133,8.873,30.458,0.083,0.003,30.985,0.468,1,nao,0.5839
1755067411.112703,12.181,2.710,30.392,0.074,0.002,31.257,0.713,1,nao,0.5836
1755067411.1983163,12.164,6.172,30.132,0.067,0.002,31.743,0.500,1,nao,0.5810
1755067411.2802486,12.166,2.806,30.081,0.073,0.002,34.988,0.506,1,nao,0.5764
1755067411.3653016,12.164,6.373,30.266,0.064,0.002,31.440,0.451,1,nao,0.5707
1755067411.4470582,12.179,2.696,30.356,0.065,0.003,33.601,0.448,1,nao,0.5618
1755067411.5251179,12.169,5.674,30.693,0.121,0.002,31.583,0.468,1,nao,0.5510
1755067411.6053462,12.232,6.192,31.225,0.071,0.002,31.597,0.448,1,nao,0.5440
1755067411.6855376,12.250,6.407,30.404,0.066,0.002,31.082,0.614,1,nao,0.5293
1755067411.7698584,12.258,5.709,30.465,0.065,0.001,30.798,0.466,1,nao,0.5120
1755067411.849267,12.250,6.166,30.140,0.065,0.002,30.903,0.528,1,nao,0.4889
1755067411.9282422,12.315,9.420,30.842,0.084,0.002,31.304,0.458,1,nao,0.4745
1755067412.0068607,12.291,6.441,29.961,0.063,0.002,31.503,0.449,1,nao,0.4636
1755067412.0844085,12.322,5.817,30.580,0.066,0.002,31.923,0.526,1,nao,0.4605
1755067412.1684093,12.349,5.203,30.468,0.068,0.002,31.301,0.556,1,nao,0.4558
1755067412.250187,12.364,2.863,30.014,0.065,0.002,31.611,0.785,1,nao,0.4506
1755067412.331898,12.318,2.621,30.487,0.073,0.002,31.697,0.466,1,nao,0.4441
1755067412.4154966,12.311,4.318,30.053,0.070,0.002,33.545,0.520,1,nao,0.4404
1755067412.4954767,12.310,2.605,30.125,0.065,0.002,31.548,0.455,1,nao,0.4357
1755067412.5700574,12.368,6.580,30.836,0.119,0.003,32.742,0.448,1,nao,0.4315
1755067412.6389856,12.433,5.118,30.233,0.066,0.002,31.019,0.516,1,nao,0.4264
1755067412.7226357,12.426,6.358,30.433,0.075,0.002,31.261,0.540,1,nao,0.4219
1755067412.8101676,12.409,8.409,30.144,0.064,0.002,31.841,0.475,1,nao,0.4200
1755067412.8973536,12.397,8.686,30.322,0.065,0.002,31.239,0.451,1,nao,0.4258
1755067412.9784877,12.344,2.744,29.992,0.064,0.002,34.820,0.456,1,nao,0.4307
1755067413.0705073,12.255,5.885,31.007,0.071,0.002,31.204,0.492,1,nao,0.4374
1755067413.1557765,12.235,6.382,29.973,0.071,0.002,31.411,0.638,1,nao,0.4456
1755067413.2374656,12.269,2.585,30.597,0.103,0.002,31.367,0.443,1,nao,0.4500
1755067413.3224854,12.264,5.342,31.051,0.095,0.003,31.481,0.507,1,nao,0.4572
1755067413.4083948,12.194,6.580,29.907,0.076,0.002,33.733,0.493,1,nao,0.4541
1755067413.493372,12.181,6.333,30.032,0.151,0.003,31.234,0.542,1,nao,0.4477
1755067413.5775988,12.159,9.181,30.536,0.066,0.001,32.965,0.426,1,nao,0.4253
1755067413.6674733,12.165,10.082,30.699,0.071,0.002,31.969,0.479,1,nao,0.4126
1755067413.7434342,12.192,6.342,30.162,0.066,0.002,31.056,0.553,1,nao,0.3840
1755067413.82794,12.194,5.160,30.465,0.072,0.002,30.918,0.522,1,nao,0.3543
1755067413.9169507,12.155,10.914,30.407,0.093,0.002,31.378,0.513,1,nao,0.3292
1755067414.001976,12.105,6.150,30.156,0.065,0.002,31.222,0.435,1,nao,0.3086
1755067414.0870361,12.074,6.776,30.618,0.078,0.002,31.322,0.510,1,?,0.2917
1755067414.1654572,12.091,2.147,30.143,0.073,0.001,31.563,0.434,1,?,0.2825
1755067414.2390578,12.157,6.177,30.343,0.064,0.001,31.824,0.557,1,?,0.2779
1755067414.3225305,12.112,4.386,30.542,0.073,0.001,31.199,0.531,1,?,0.2785
1755067414.3979013,12.160,8.440,30.592,0.067,0.001,33.841,0.432,1,?,0.2708
1755067414.4774733,12.112,5.263,29.822,0.065,0.001,31.243,0.444,1,?,0.2659
1755067414.5470755,12.172,6.154,30.543,0.066,0.001,32.219,0.434,1,?,0.2567
1755067414.6270876,12.189,4.980,30.067,0.067,0.002,30.766,0.460,1,?,0.2474
1755067414.6996362,12.251,5.851,30.378,0.064,0.001,31.330,0.524,1,?,0.2663
1755067414.7855089,12.245,6.326,30.114,0.065,0.001,32.119,0.509,1,?,0.2880
1755067414.8586311,12.278,8.086,31.508,0.071,0.002,31.129,0.702,1,?,0.2910
1755067414.93512,12.237,2.731,30.453,0.067,0.001,30.859,0.433,1,?,0.2802
1755067415.025462,12.145,6.794,30.504,0.071,0.001,32.353,0.431,1,?,0.2620
1755067415.1051524,12.176,10.121,30.549,0.079,0.002,31.490,0.475,1,?,0.2486
1755067415.17655,12.248,6.710,31.045,0.072,0.001,31.485,0.467,1,?,0.2506
1755067415.264269,12.252,5.687,31.574,0.071,0.001,32.507,0.441,1,?,0.2506
1755067415.3575263,12.204,11.011,30.150,0.072,0.001,33.477,0.432,1,?,0.2445
1755067415.4401627,12.238,4.943,30.653,0.091,0.002,30.952,0.505,1,?,0.2263
1755067415.518381,12.258,2.788,30.146,0.065,0.001,31.732,0.422,1,?,0.2059
1755067415.607557,12.234,9.597,30.612,0.067,0.001,32.333,0.444,1,?,0.2203
1755067415.6851645,12.275,6.809,30.106,0.066,0.001,31.370,0.435,1,?,0.2599
1755067415.7752123,12.257,10.233,29.818,0.071,0.001,31.677,0.437,1,?,0.2749
1755067415.855154,12.259,4.181,30.018,0.065,0.001,31.307,0.430,1,?,0.2731
1755067415.9434655,12.289,4.591,30.037,0.065,0.002,31.203,0.440,1,?,0.2539
1755067416.0253778,12.296,2.749,30.473,0.076,0.001,31.911,0.443,1,?,0.2093
1755067416.1091287,12.256,5.697,30.685,0.104,0.004,31.321,0.443,1,?,0.1947
1755067416.1951187,12.246,6.612,30.388,0.066,0.002,32.130,0.426,1,?,0.1897
1755067416.2772045,12.283,6.263,29.992,0.092,0.002,32.669,0.468,1,?,0.1969
1755067416.364199,12.275,6.326,30.008,0.066,0.001,33.373,0.451,1,?,0.2781
1755067416.4450943,12.292,4.742,30.401,0.066,0.001,32.273,0.424,1,d,0.3213
1755067416.5254223,12.298,9.839,30.298,0.098,0.003,31.441,0.537,1,d,0.3437
1755067416.5991075,12.273,4.787,29.997,0.063,0.001,31.854,0.446,1,l,0.3617
1755067416.6741328,12.331,6.229,30.295,0.071,0.002,31.425,0.462,1,l,0.3787
1755067416.7554913,12.302,6.734,30.127,0.066,0.002,31.336,0.604,1,l,0.4127
1755067416.847854,12.240,13.831,30.211,0.065,0.002,31.881,0.515,1,l,0.4454
1755067416.9322379,12.179,5.967,29.991,0.072,0.002,31.604,0.436,1,l,0.4603
1755067417.0172634,12.145,4.779,30.174,0.176,0.005,32.923,0.444,1,l,0.4687
1755067417.09921,12.080,5.952,30.205,0.067,0.001,31.840,0.424,1,l,0.4726
1755067417.1841283,12.091,4.902,29.968,0.066,0.002,32.272,0.534,1,l,0.4782
1755067417.2645242,12.053,2.214,30.603,0.067,0.002,32.101,0.413,1,l,0.4713
1755067417.3482728,12.031,6.288,29.947,0.062,0.002,33.907,0.435,1,l,0.4679
1755067417.4312181,12.059,4.690,30.110,0.064,0.002,31.544,0.424,1,l,0.4628
1755067417.5145206,12.036,4.796,30.131,0.108,0.002,31.860,0.425,1,l,0.4565
1755067417.5901845,12.012,5.205,30.780,0.067,0.002,31.631,0.463,1,l,0.4300
1755067417.6760778,12.025,6.661,30.265,0.066,0.002,31.332,0.454,1,l,0.3664
1755067417.7662547,12.043,10.748,30.358,0.069,0.002,31.531,0.441,1,l,0.3338
1755067417.8473597,12.046,2.723,30.097,0.071,0.002,31.598,0.527,1,?,0.2983
1755067417.9332602,12.023,7.223,30.230,0.086,0.001,31.556,0.603,1,?,0.2618
1755067418.0043259,12.103,5.758,30.626,0.066,0.001,31.318,0.438,1,?,0.2083
1755067418.0892818,12.065,5.808,30.581,0.069,0.001,31.301,0.663,1,?,0.1717
1755067418.166847,12.106,2.659,30.840,0.069,0.001,31.339,0.431,1,?,0.1368
1755067418.2573223,12.089,4.752,30.719,0.092,0.002,32.945,0.459,1,?,0.1215
1755067418.3373141,12.106,2.584,30.130,0.068,0.001,33.363,0.460,1,?,0.1471
1755067418.418246,12.123,3.254,30.185,0.072,0.001,31.706,0.428,1,?,0.1502
1755067418.500266,12.133,2.797,30.223,0.076,0.002,31.286,0.461,1,?,0.1497
1755067418.577237,12.158,6.784,30.408,0.072,0.001,31.566,0.434,1,?,0.1335
1755067418.6572406,12.189,5.203,30.373,0.085,0.002,31.802,0.432,1,?,0.1460
1755067418.7354248,12.188,5.644,30.026,0.077,0.001,31.280,0.417,1,?,0.1646
1755067418.8129194,12.260,5.156,29.944,0.067,0.001,31.277,0.614,1,?,0.1977
1755067418.9014363,12.205,10.196,30.255,0.113,0.001,31.491,0.426,1,?,0.1518
1755067418.9774246,12.177,3.845,29.973,0.063,0.001,31.380,0.408,1,?,0.1531
1755067419.067424,12.106,6.362,30.098,0.071,0.001,31.686,0.431,1,?,0.1664
1755067419.135457,12.163,5.707,30.083,0.072,0.001,31.439,0.432,1,?,0.2210
1755067419.2054248,12.261,9.925,29.956,0.073,0.001,30.958,0.508,1,?,0.2570
1755067419.2854705,12.319,5.292,29.729,0.071,0.001,34.606,0.449,1,?,0.2729
1755067419.367449,12.329,7.285,30.022,0.073,0.001,31.262,0.433,1,?,0.2802
1755067419.4474592,12.344,2.637,29.714,0.065,0.002,30.987,0.445,1,?,0.2816
1755067419.5404916,12.303,9.882,30.051,0.070,0.001,33.320,0.451,1,?,0.2936
1755067419.6143298,12.347,6.604,30.357,0.079,0.002,32.984,0.592,1,l,0.3149
1755067419.7043848,12.316,10.877,30.582,0.063,0.002,31.079,0.429,1,l,0.3689
1755067419.7951746,12.247,2.778,43.273,0.026,0.002,31.440,0.427,0,l,0.4701
1755067419.8573234,12.376,5.758,16.512,0.024,0.002,31.737,0.465,0,l,0.4987
1755067419.9276807,12.415,4.966,16.083,0.024,0.002,33.677,0.474,0,l,0.4797
1755067419.9873154,12.543,6.519,16.829,0.026,0.002,32.753,0.450,0,l,0.4174
1755067420.055291,12.629,11.991,16.616,0.026,0.002,33.889,0.524,0,l,0.3047
1755067420.1252754,12.725,9.867,16.316,0.024,0.002,33.411,0.434,0,?,0.2265
1755067420.1885521,12.856,5.867,16.239,0.024,0.001,34.595,0.468,0,l,0.3527
1755067420.2543535,12.888,6.551,16.071,0.025,0.002,32.144,0.484,0,l,0.4341
1755067420.3157783,13.017,6.090,16.258,0.025,0.002,31.040,0.495,0,l,0.4811
1755067420.385089,13.098,5.714,16.014,0.028,0.002,31.464,0.509,0,Bala,0.4915
1755067420.457997,13.171,10.425,16.186,0.026,0.002,31.921,0.440,0,Bala,0.4584
1755067420.529973,13.234,5.192,16.126,0.026,0.002,34.088,0.447,0,Bala,0.3936
1755067420.5853856,13.357,5.487,16.716,0.025,0.002,32.451,0.459,0,Bala,0.3571
1755067420.6473544,13.499,6.395,16.350,0.025,0.002,33.710,0.446,0,Bala,0.3441
1755067420.7042754,13.657,5.246,15.973,0.025,0.002,32.196,0.533,0,Bala,0.3152
1755067420.764386,13.771,6.538,16.324,0.024,0.002,33.646,0.433,0,?,0.2201
1755067420.8189423,13.963,5.685,16.298,0.023,0.001,31.492,0.447,0,?,0.1821
1755067420.8921626,13.947,6.758,30.368,0.022,0.001,31.863,0.727,0,?,0.1669
1755067420.9543805,14.132,6.315,16.761,0.037,0.002,34.695,0.468,0,?,0.1608
1755067421.021373,14.229,2.583,30.150,0.024,0.001,31.959,0.650,0,?,0.1607
1755067421.0954425,14.313,9.203,30.197,0.024,0.002,31.692,0.471,0,?,0.1616
1755067421.1512914,14.403,6.610,16.069,0.025,0.002,31.610,0.522,0,?,0.1619
1755067421.2079358,14.528,5.428,15.971,0.025,0.001,31.789,0.409,0,?,0.1620
1755067421.2683988,14.625,5.405,16.829,0.024,0.001,34.271,0.417,0,?,0.1621
1755067421.3271096,14.813,5.449,16.356,0.024,0.001,33.718,0.422,0,?,0.1621
1755067421.4014297,14.860,12.012,16.648,0.025,0.001,35.075,0.479,0,?,0.1621
1755067421.4650805,15.046,13.627,16.728,0.026,0.001,33.187,0.460,0,?,0.1621
1755067421.544565,15.020,6.691,16.148,0.024,0.001,34.498,0.469,0,?,0.1621
1755067421.6054459,15.254,5.244,16.502,0.025,0.001,32.992,0.498,0,?,0.1621
1755067421.6754148,15.442,6.554,16.663,0.024,0.001,32.913,0.465,0,?,0.1621
1755067421.7487044,15.314,10.048,16.329,0.023,0.001,35.649,0.447,0,?,0.1621
1755067421.8162162,15.359,8.314,16.168,0.024,0.001,33.818,0.449,0,?,0.1621
1755067421.8894036,15.253,11.351,16.254,0.025,0.001,38.602,0.832,0,?,0.1621
1755067421.947872,15.377,5.224,16.664,0.033,0.002,33.318,0.413,0,?,0.1621
1755067422.007133,15.412,5.818,16.081,0.026,0.002,31.735,0.435,0,?,0.1621
1755067422.082034,15.323,10.384,16.158,0.026,0.001,31.596,0.500,0,?,0.1621
1755067453.012198,,126.008,37.577,0.073,0.001,0.000,12.956,1,?,0.0000
1755067453.0553222,16.708,12.985,31.131,0.061,0.001,0.000,0.433,1,?,0.0000
1755067453.1023002,19.558,7.610,30.604,0.060,0.001,0.000,0.406,1,?,0.0000
1755067453.1502657,19.941,6.367,30.215,0.070,0.001,0.000,0.666,1,?,0.0000
1755067453.2002923,19.959,2.580,30.181,0.066,0.001,0.000,0.504,1,?,0.0000
1755067453.2581115,19.359,11.410,30.154,0.060,0.001,0.000,0.506,1,?,0.0000
1755067453.3103538,19.327,5.010,29.900,0.061,0.001,0.000,0.527,1,?,0.0000
1755067453.3543563,19.723,11.482,29.929,0.104,0.001,0.000,0.523,1,?,0.0000
1755067453.407872,19.599,5.735,30.781,0.078,0.001,0.000,0.501,1,?,0.0000
1755067453.4587958,19.611,4.259,30.462,0.061,0.001,0.000,0.664,1,?,0.0000
1755067453.505516,19.581,4.516,30.473,0.068,0.001,0.000,0.450,1,?,0.0000
1755067453.557401,19.592,13.579,30.951,0.069,0.001,0.000,0.468,1,?,0.0000
1755067453.6171293,19.441,6.215,30.415,0.067,0.001,0.000,0.442,1,?,0.0000
1755067453.658431,19.738,8.412,30.099,0.066,0.001,0.000,0.535,1,?,0.0000
1755067453.7104125,19.702,4.933,29.899,0.060,0.001,0.000,0.783,1,?,0.0000
1755067454.1315954,13.295,6.676,30.221,0.061,0.001,363.571,0.467,1,?,0.3525
1755067454.201443,13.321,5.565,30.307,0.062,0.001,30.701,0.565,1,?,0.3516
1755067454.267448,13.364,6.391,30.402,0.119,0.002,30.928,0.460,1,?,0.3491
1755067454.3473368,13.305,2.652,30.041,0.063,0.001,30.320,0.503,1,Bala,0.3455
1755067454.4455645,13.144,11.764,30.192,0.061,0.001,31.841,0.493,1,Bala,0.3402
1755067454.5254672,13.067,6.291,30.322,0.073,0.002,31.801,0.443,1,Bala,0.3390
1755067454.6073508,13.032,11.472,31.203,0.070,0.001,31.660,0.417,1,Bala,0.3355
1755067454.6844156,13.057,6.636,30.361,0.063,0.001,32.094,0.431,1,Bala,0.3285
1755067454.7653768,13.009,6.197,29.837,0.075,0.002,31.209,0.440,1,Bala,0.3221
1755067454.839388,13.049,6.686,30.103,0.065,0.002,31.596,0.486,1,Bala,0.3193
1755067454.9194124,13.023,2.180,30.334,0.103,0.002,31.221,0.605,1,Bala,0.3196
1755067454.9954312,13.031,10.398,30.447,0.025,0.002,31.765,0.479,0,Bala,0.4036
1755067455.0654032,13.049,5.844,16.154,0.027,0.002,35.395,0.438,0,Bala,0.5176
1755067455.1324406,13.124,5.081,15.850,0.024,0.002,31.357,0.448,0,Bala,0.6280
1755067455.2058368,13.149,6.136,30.440,0.026,0.001,31.522,0.501,0,Bala,0.7182
1755067455.2843568,13.038,11.394,31.424,0.025,0.001,33.109,0.429,0,Bala,0.7804
1755067455.3425984,12.943,6.656,16.384,0.024,0.001,31.808,0.462,0,Bala,0.8118
1755067455.4057205,12.829,6.062,16.086,0.023,0.002,33.323,0.426,0,Bala,0.8186
1755067455.4643815,12.807,2.102,16.190,0.026,0.002,32.265,0.457,0,Bala,0.8102
1755067455.5154974,12.813,4.977,16.242,0.029,0.002,32.834,0.447,0,Bala,0.7860
1755067455.5753222,12.783,5.827,16.322,0.024,0.002,32.801,0.442,0,Bala,0.7442
1755067455.6265886,12.732,2.677,16.143,0.025,0.002,32.205,0.441,0,Bala,0.6632
1755067455.6900673,12.711,6.936,16.282,0.032,0.002,31.109,0.596,0,Bala,0.5628
1755067455.745123,12.673,5.749,16.501,0.025,0.002,32.530,0.504,0,Bala,0.4707
1755067455.8053277,12.636,4.616,16.043,0.025,0.002,34.510,0.579,0,Bala,0.3938
1755067455.8674374,12.574,11.572,16.201,0.025,0.002,31.603,0.457,0,Bala,0.3365
1755067455.9245906,12.569,6.114,16.433,0.025,0.002,31.693,0.549,0,?,0.2286
1755067455.985101,12.448,6.394,16.982,0.025,0.001,33.146,0.411,0,?,0.1855
1755067456.0453205,12.383,11.908,16.683,0.026,0.001,32.069,0.405,0,?,0.1683
1755067456.1065836,14.649,4.973,16.160,0.040,0.002,31.498,0.493,0,?,0.1614
1755067456.1642518,14.769,6.668,16.037,0.024,0.001,31.571,0.427,0,?,0.1608
1755067456.230491,14.801,4.740,15.752,0.025,0.001,31.236,0.458,0,?,0.1616
1755067456.300081,14.886,6.368,16.102,0.024,0.001,31.061,0.507,0,?,0.1619
1755067456.365498,15.101,2.151,15.835,0.025,0.002,31.499,0.586,0,?,0.1620
1755067456.425191,15.309,7.171,16.268,0.025,0.001,32.810,0.523,0,?,0.1621
1755067456.4953942,15.372,8.506,15.859,0.026,0.001,31.484,0.419,0,?,0.1621
1755067456.565128,15.410,6.970,15.734,0.024,0.001,33.899,0.433,0,?,0.1621
1755067456.7370899,14.700,6.332,31.557,0.064,0.001,31.981,0.435,1,?,0.0919
1755067456.8261375,14.597,6.597,43.611,0.159,0.002,31.628,0.432,1,?,0.2511
1755067456.9071121,14.580,5.812,28.452,0.077,0.001,32.282,0.457,1,Espelho,0.3899
1755067456.977045,14.634,2.693,15.485,0.091,0.002,31.074,0.624,1,Espelho,0.4462
1755067457.074157,14.462,5.075,43.844,0.077,0.002,31.562,0.425,1,g,0.4634
1755067457.1419086,14.432,2.714,15.115,0.092,0.003,31.204,0.512,1,g,0.4393
1755067457.2241547,14.365,2.683,30.617,0.069,0.002,31.472,0.448,1,g,0.3824
1755067457.308156,14.324,6.344,30.851,0.080,0.002,31.226,0.479,1,?,0.2931
1755067457.3898435,14.160,2.648,30.415,0.108,0.002,32.026,0.434,1,?,0.2072
1755067457.4710374,14.072,2.843,30.796,0.080,0.002,31.138,0.544,1,?,0.1412
1755067457.5541816,13.878,2.708,30.480,0.073,0.001,32.975,0.453,1,?,0.1104
1755067457.630863,13.748,5.824,30.654,0.032,0.002,33.219,0.465,0,?,0.1211
1755067457.7000623,13.663,6.790,15.741,0.028,0.001,31.263,0.425,0,?,0.1381
1755067457.771176,13.552,8.682,16.095,0.038,0.002,31.247,0.424,0,?,0.1638
1755067457.8351707,13.503,2.613,15.759,0.025,0.001,31.041,0.435,0,?,0.2103
1755067457.9062383,13.421,7.348,16.074,0.024,0.001,31.891,0.444,0,?,0.2995
1755067457.9671981,13.407,10.381,15.866,0.029,0.001,31.784,0.436,0,Bala,0.4617
1755067458.025082,13.444,5.700,16.384,0.026,0.002,31.490,0.444,0,Bala,0.6294
1755067458.0795815,13.447,6.157,16.448,0.025,0.002,31.207,0.498,0,Bala,0.7111
1755067458.136725,13.483,7.280,15.934,0.024,0.002,31.406,0.428,0,Bala,0.7283
1755067458.1972196,13.510,10.106,15.932,0.026,0.002,31.495,0.524,0,Bala,0.7152
1755067458.2662394,13.427,6.126,15.630,0.025,0.002,31.550,0.482,0,Bala,0.6578
1755067458.340237,13.316,11.317,16.056,0.026,0.002,31.752,0.466,0,Bala,0.5747
1755067458.4072385,13.320,2.691,15.959,0.031,0.003,33.487,0.438,0,Bala,0.5046
1755067458.4706519,13.357,2.669,15.973,0.028,0.002,31.437,0.456,0,Bala,0.4422
1755067458.544281,13.312,8.498,15.870,0.025,0.002,32.626,0.453,0,Bala,0.3781
1755067458.5991466,13.312,6.732,15.791,0.024,0.002,31.643,0.433,0,?,0.2453
1755067458.66727,13.363,5.531,15.687,0.024,0.001,31.040,0.480,0,?,0.1922
1755067458.7361825,13.358,6.238,15.597,0.025,0.001,31.599,0.432,0,?,0.1709
1755067458.8082612,14.015,8.862,15.969,0.026,0.001,31.789,0.426,0,?,0.1624
1755067458.8754518,14.147,2.599,16.422,0.026,0.001,31.365,0.472,0,?,0.1608
1755067458.9341486,14.316,9.669,15.811,0.026,0.001,30.551,0.694,0,?,0.1616
1755067458.9901822,14.394,6.126,16.237,0.026,0.001,31.769,0.424,0,?,0.1619
1755067459.0476835,14.690,5.846,16.092,0.027,0.001,32.122,0.413,0,?,0.1621
1755067459.102207,14.792,5.106,15.869,0.023,0.001,31.508,0.423,0,?,0.1621
1755067459.1588356,14.970,5.925,16.395,0.024,0.001,33.199,0.428,0,?,0.1621
1755067459.217292,15.191,6.054,16.444,0.032,0.002,31.192,0.429,0,?,0.1621
1755067459.285536,15.301,6.640,16.030,0.027,0.001,30.848,0.640,0,?,0.1621
1755067459.355427,15.396,5.817,16.066,0.024,0.002,31.122,0.449,0,?,0.1621
1755067459.4101665,15.603,6.657,16.443,0.024,0.001,32.005,0.443,0,?,0.1621
1755067459.4651809,15.802,2.480,15.953,0.027,0.001,32.162,0.456,0,?,0.1621
1755067459.522794,15.917,7.207,15.802,0.024,0.001,31.518,0.470,0,?,0.1621
1755067459.5771904,16.039,5.583,16.702,0.025,0.001,32.143,0.421,0,?,0.1621
1755067459.6352363,16.118,5.774,15.934,0.033,0.001,31.306,0.469,0,?,0.1621
1755067459.7068002,16.064,10.785,30.766,0.023,0.001,32.460,0.441,0,?,0.1621
1755067459.7883818,15.936,5.256,32.231,0.024,0.001,34.872,0.607,0,?,0.1621
1755067459.847438,15.903,5.891,16.406,0.024,0.001,34.830,0.448,0,?,0.1621
1755067459.9323075,15.665,10.912,30.973,0.023,0.001,35.464,0.493,0,?,0.1621
1755067460.0026197,15.557,4.987,30.329,0.023,0.001,32.552,0.496,0,?,0.1621
1755067460.0702665,15.497,4.292,16.191,0.024,0.001,32.261,0.496,0,?,0.1621
1755067460.142271,15.470,6.220,15.983,0.028,0.001,33.234,0.448,0,?,0.1621
1755067460.2056057,15.569,10.687,16.147,0.027,0.001,32.836,0.809,0,?,0.1621
1755067460.267431,15.602,10.341,16.152,0.026,0.001,32.318,0.455,0,?,0.1621
1755067460.3276525,15.631,5.731,16.129,0.024,0.001,33.937,0.443,0,?,0.1621
1755067460.388225,15.728,5.127,17.662,0.024,0.001,32.708,0.463,0,?,0.1621
1755067488.2129533,,134.249,37.048,0.073,0.001,0.000,21.897,1,?,0.0000
1755067488.2544105,16.080,4.901,31.889,0.073,0.002,0.000,0.528,1,?,0.0000
1755067488.29538,19.367,6.261,31.640,0.060,0.001,0.000,0.445,1,?,0.0000
1755067488.3520443,18.640,6.581,30.835,0.066,0.001,0.000,0.464,1,?,0.0000
1755067488.4063199,18.655,7.202,30.011,0.160,0.001,0.000,0.556,1,?,0.0000
1755067488.4651475,18.300,10.427,30.951,0.082,0.001,0.000,0.622,1,?,0.0000
1755067488.5146646,18.616,2.680,30.241,0.059,0.001,0.000,0.418,1,?,0.0000
1755067488.5653994,18.674,4.501,30.753,0.060,0.001,0.000,0.442,1,?,0.0000
1755067488.6144328,18.925,14.559,30.289,0.081,0.001,0.000,0.421,1,?,0.0000
1755067488.6645048,19.047,10.403,30.457,0.072,0.001,0.000,0.590,1,?,0.0000
1755067488.7131429,19.161,2.602,30.276,0.067,0.001,0.000,0.436,1,?,0.0000
1755067488.7664473,19.158,6.256,29.965,0.062,0.001,0.000,0.455,1,?,0.0000
1755067488.8122177,19.339,13.126,30.336,0.079,0.001,0.000,0.450,1,?,0.0000
1755067488.8664687,19.284,6.707,30.096,0.068,0.001,0.000,0.468,1,?,0.0000
1755067488.915477,19.313,2.657,30.771,0.061,0.001,0.000,0.421,1,?,0.0000
1755067489.3174531,13.256,4.194,30.205,0.062,0.001,356.667,0.528,1,?,0.4013
1755067489.401478,13.220,5.036,30.540,0.077,0.001,31.863,0.478,1,?,0.4005
1755067489.481913,13.179,2.565,30.148,0.070,0.001,30.943,0.520,1,?,0.4007
1755067489.5544674,13.211,6.817,30.949,0.062,0.001,31.738,0.477,1,l,0.4135
1755067489.6365986,13.128,5.189,30.828,0.174,0.006,31.751,0.445,1,l,0.4439
1755067489.724398,13.052,6.806,29.960,0.066,0.002,31.103,0.449,1,l,0.4680
1755067489.7956583,13.099,6.684,30.057,0.064,0.001,31.421,0.433,1,l,0.4864
1755067489.8754573,13.069,2.669,29.830,0.062,0.002,30.153,0.661,1,l,0.4936
1755067489.965693,12.962,11.395,30.294,0.070,0.002,31.179,0.464,1,l,0.5041
1755067490.0455415,12.945,2.609,30.065,0.063,0.001,30.826,0.433,1,l,0.5049
1755067490.12754,12.913,6.748,30.817,0.089,0.002,32.296,0.443,1,l,0.5140
1755067490.21254,12.871,7.287,30.309,0.069,0.002,31.208,0.419,1,l,0.5180
1755067490.2854989,12.896,6.317,30.294,0.065,0.002,32.929,0.444,1,l,0.5257
1755067490.3695712,12.860,6.368,29.857,0.066,0.001,31.168,0.406,1,l,0.5148
1755067490.4479592,12.846,2.582,30.070,0.064,0.002,31.049,0.415,1,l,0.5171
1755067490.5355234,12.713,5.803,29.951,0.059,0.001,32.306,0.439,1,l,0.5106
1755067490.6055682,12.511,9.307,30.270,0.098,0.003,30.872,0.464,1,l,0.4533
1755067490.7030263,12.341,10.909,30.104,0.146,0.003,31.046,0.572,1,l,0.3257
1755067490.7971041,12.124,2.582,43.589,0.081,0.002,31.782,0.428,1,?,0.2857
1755067490.8769915,12.015,2.652,28.382,0.079,0.002,31.012,0.489,1,?,0.2662
1755067490.9650793,11.820,9.528,28.435,0.078,0.001,31.233,0.440,1,?,0.2214
1755067491.047603,11.684,2.614,28.448,0.079,0.001,31.389,0.441,1,?,0.1943
1755067491.1355195,11.506,7.284,28.921,0.078,0.001,31.275,0.426,1,?,0.2098
1755067491.2152035,11.362,2.543,28.331,0.079,0.001,32.126,0.439,1,?,0.2377
1755067491.3051245,11.188,9.533,28.819,0.081,0.001,33.136,0.435,1,?,0.2561
1755067491.3851566,11.073,2.588,28.438,0.078,0.001,31.736,0.456,1,?,0.2605
1755067491.4674702,10.908,6.495,28.952,0.165,0.001,31.269,0.453,1,?,0.2470
1755067491.5554035,10.777,7.199,28.578,0.077,0.001,32.405,0.441,1,?,0.2193
1755067491.6251364,10.688,5.215,28.561,0.141,0.002,31.208,0.455,1,?,0.1872
1755067491.6976404,12.214,5.505,28.313,0.079,0.001,30.783,0.438,1,?,0.1643
1755067491.767623,12.258,6.521,28.404,0.078,0.001,31.026,0.458,1,?,0.1972
1755067491.8451357,12.253,2.659,28.679,0.081,0.001,30.657,0.483,1,?,0.2897
1755067491.9376338,12.171,6.760,28.702,0.080,0.001,35.318,0.525,1,h,0.4230
1755067492.0156636,12.201,2.662,30.195,0.080,0.001,31.077,0.502,1,h,0.6016
1755067492.0951424,12.223,3.252,28.262,0.078,0.001,32.350,0.467,1,por favor,0.6534
1755067492.1776564,12.166,2.172,29.045,0.090,0.001,32.603,0.442,1,por favor,0.6657
1755067492.262025,12.149,3.196,28.532,0.079,0.002,33.797,0.635,1,por favor,0.6716
1755067492.335305,12.211,2.675,28.226,0.077,0.002,30.957,0.455,1,por favor,0.6753
1755067492.4191244,12.203,2.676,28.247,0.077,0.001,31.429,0.465,1,por favor,0.6832
1755067492.5051699,12.201,2.674,28.443,0.078,0.002,31.969,0.462,1,por favor,0.6875
1755067492.5811892,12.231,2.566,28.949,0.099,0.002,31.199,0.469,1,por favor,0.6904
1755067492.6551347,12.210,2.758,28.266,0.081,0.001,31.486,0.473,1,por favor,0.6937
1755067492.7331147,12.269,2.713,28.606,0.089,0.002,32.462,0.577,1,por favor,0.6952
1755067492.8055267,12.268,2.606,28.542,0.083,0.001,31.531,0.464,1,por favor,0.6930
1755067492.8892603,12.297,2.739,28.297,0.078,0.002,31.227,0.469,1,por favor,0.6913
1755067492.95515,12.358,2.055,28.592,0.076,0.001,31.538,0.459,1,por favor,0.6926
1755067493.0353565,12.404,2.624,28.597,0.080,0.002,31.049,0.477,1,por favor,0.6946
1755067493.1172597,12.475,2.759,28.446,0.088,0.001,31.155,0.513,1,por favor,0.6968
1755067493.2071848,12.457,2.563,28.505,0.082,0.001,33.169,0.460,1,por favor,0.6973
1755067493.2668529,12.578,2.555,29.050,0.078,0.002,31.927,0.472,1,por favor,0.6971
1755067493.3541143,12.581,2.640,28.439,0.082,0.002,31.274,0.452,1,por favor,0.6944
1755067493.4151263,12.696,2.620,28.351,0.090,0.002,31.334,0.467,1,por favor,0.6968
1755067493.498681,12.701,1.826,28.547,0.087,0.002,31.357,0.465,1,por favor,0.6944
1755067493.5752053,12.744,2.644,28.539,0.089,0.002,31.715,0.465,1,por favor,0.6922
1755067493.6552932,12.733,2.708,28.549,0.080,0.002,31.332,0.463,1,por favor,0.6871
1755067493.73414,12.812,2.635,28.323,0.078,0.001,31.796,0.468,1,por favor,0.6849
1755067493.8151693,12.845,2.636,28.265,0.078,0.001,31.485,0.440,1,por favor,0.6769
1755067493.8951662,12.800,2.282,28.169,0.080,0.001,31.217,0.470,1,por favor,0.6753
1755067493.975165,12.715,2.788,28.493,0.079,0.002,31.622,0.469,1,por favor,0.6793
1755067494.055242,12.660,2.724,28.354,0.078,0.001,31.292,0.451,1,por favor,0.6873
1755067494.1422195,12.648,2.623,28.341,0.082,0.002,32.513,0.654,1,por favor,0.6918
1755067494.2228727,12.690,2.740,28.614,0.085,0.001,32.170,0.467,1,por favor,0.6968
1755067494.299356,12.681,2.704,28.976,0.080,0.001,30.906,0.466,1,por favor,0.7089
1755067494.3678296,12.762,2.388,28.713,0.139,0.003,31.632,0.453,1,por favor,0.7227
1755067494.451343,12.763,2.640,28.796,0.079,0.001,32.104,0.464,1,por favor,0.7386
1755067494.5310926,12.780,2.702,28.385,0.089,0.002,31.631,0.461,1,por favor,0.7431
1755067494.6107497,12.781,2.677,28.316,0.087,0.002,31.074,0.438,1,por favor,0.7477
1755067494.6869612,12.790,2.252,28.339,0.079,0.001,31.355,0.472,1,por favor,0.7472
1755067494.7654822,12.795,2.726,28.931,0.076,0.001,31.024,0.455,1,por favor,0.7496
1755067494.845292,12.784,2.700,28.071,0.091,0.002,31.104,0.459,1,por favor,0.7542
1755067494.9152875,12.845,2.405,28.508,0.080,0.001,31.642,0.441,1,por favor,0.7562
1755067494.9993045,12.796,2.775,28.207,0.083,0.002,31.509,0.437,1,por favor,0.7556
1755067495.0653777,12.870,2.656,28.395,0.081,0.002,33.371,0.462,1,por favor,0.7574
1755067495.1452758,12.864,2.621,28.671,0.088,0.002,31.703,0.444,1,por favor,0.7579
1755067495.2344081,12.751,2.727,28.324,0.091,0.002,36.315,0.578,1,por favor,0.7572
1755067495.3153749,12.753,2.025,29.780,0.090,0.002,33.983,0.549,1,por favor,0.7456
1755067495.3968976,12.755,3.153,29.827,0.162,0.004,34.744,0.569,1,por favor,0.7228
1755067495.4743552,12.786,2.745,29.573,0.081,0.002,31.927,0.426,1,por favor,0.6505
1755067495.5553372,12.702,2.723,28.708,0.080,0.002,32.266,0.497,1,por favor,0.5636
1755067495.6251662,12.763,2.718,29.268,0.081,0.001,32.612,0.432,1,por favor,0.4921
1755067495.6943054,12.750,2.553,28.293,0.103,0.002,31.200,0.437,1,por favor,0.3956
1755067495.7773442,12.737,3.204,28.455,0.090,0.002,31.836,0.436,1,por favor,0.3121
1755067495.8452678,12.808,2.460,14.978,0.083,0.002,32.620,0.416,1,?,0.2092
1755067495.9144843,12.882,2.627,30.225,0.076,0.001,30.557,0.485,1,?,0.1704
1755067495.9968233,12.812,2.794,30.064,0.077,0.001,33.569,0.506,1,?,0.2151
1755067496.0769796,12.817,2.657,30.413,0.071,0.001,30.698,0.426,1,?,0.2070
1755067496.159585,12.808,2.269,30.205,0.146,0.003,31.459,0.477,1,?,0.1710
1755067496.2553327,12.739,2.633,43.622,0.079,0.002,31.685,0.428,1,?,0.1615
1755067496.3353736,12.737,2.057,28.216,0.083,0.001,31.156,0.423,1,?,0.1472
1755067496.4169874,12.747,2.138,28.546,0.078,0.001,31.009,0.438,1,?,0.2205
1755067496.4870012,12.806,3.294,28.419,0.079,0.001,32.154,0.443,1,j,0.3262
1755067496.567984,12.802,2.046,28.248,0.079,0.002,36.978,0.543,1,j,0.3862
1755067496.6383595,12.768,2.613,33.610,0.083,0.001,32.641,0.428,1,Sapo,0.3949
1755067496.7170126,12.787,2.578,29.019,0.081,0.002,31.663,0.439,1,Sapo,0.3555
1755067496.7955177,12.785,2.680,27.985,0.081,0.002,31.191,0.514,1,Sapo,0.3425
1755067496.8655488,12.856,3.143,28.730,0.083,0.002,31.195,0.501,1,Sapo,0.4422
1755067496.9352732,12.914,4.536,28.398,0.082,0.002,33.007,0.574,1,Sapo,0.5138
1755067497.0010455,13.008,2.654,28.707,0.080,0.001,30.527,0.589,1,Sapo,0.5528
1755067497.0653772,13.097,2.058,28.244,0.089,0.002,31.590,0.434,1,Banco,0.5204
1755067497.1470313,13.011,2.093,28.473,0.090,0.001,31.755,0.437,1,Banco,0.4569
1755067497.227447,13.007,2.355,28.664,0.084,0.001,31.664,0.465,1,Banco,0.3771
1755067497.3054268,12.928,2.007,28.579,0.080,0.002,31.395,0.464,1,Banco,0.5649
1755067497.3854766,12.928,2.698,28.455,0.080,0.002,31.433,0.474,1,Banco,0.7385
1755067497.4674587,12.959,2.626,28.437,0.081,0.001,31.514,0.467,1,Sapo,0.8061
1755067497.5546758,12.950,2.789,28.419,0.080,0.001,32.541,0.490,1,Sapo,0.8286
1755067497.6255658,12.993,2.278,28.545,0.089,0.002,31.816,0.448,1,Sapo,0.8403
1755067497.716987,12.919,5.768,28.323,0.081,0.001,31.368,0.596,1,Sapo,0.8484
1755067497.8070652,12.864,11.953,28.362,0.079,0.002,31.946,0.463,1,Sapo,0.8572
1755067497.8966062,12.772,4.738,28.280,0.088,0.001,33.357,0.739,1,Sapo,0.8666
1755067497.975133,12.705,2.084,28.666,0.079,0.002,31.707,0.466,1,Sapo,0.8738
1755067498.0370827,12.805,2.616,28.584,0.079,0.002,31.023,0.503,1,Sapo,0.8763
1755067498.127091,12.708,6.789,28.616,0.079,0.001,31.680,0.451,1,Sapo,0.8676
1755067498.2070813,12.637,2.942,29.341,0.080,0.002,30.987,0.503,1,Sapo,0.8601
1755067498.294615,12.630,6.792,28.495,0.065,0.002,31.424,0.445,1,Sapo,0.8859
1755067498.3870153,12.537,2.081,43.403,0.080,0.001,31.078,0.441,1,Sapo,0.8699
1755067498.4555533,12.595,6.303,28.190,0.081,0.002,31.958,0.501,1,Sapo,0.8618
1755067498.545129,12.663,2.664,28.555,0.079,0.001,32.340,0.560,1,Sapo,0.8740
1755067498.617135,12.713,2.653,29.009,0.082,0.001,31.611,0.474,1,Sapo,0.8898
1755067498.6810398,12.798,10.782,15.256,0.070,0.002,31.560,0.444,1,Sapo,0.9176
1755067498.7643569,12.735,4.788,30.363,0.087,0.002,31.115,0.593,1,Sapo,0.9229
1755067498.8640835,12.631,5.634,43.541,0.079,0.002,33.488,0.442,1,Sapo,0.9038
1755067498.9441588,12.586,2.660,28.389,0.077,0.002,31.114,0.433,1,Sapo,0.8951
1755067499.0150948,12.632,6.606,28.579,0.079,0.001,32.040,0.421,1,Sapo,0.8697
1755067499.095077,12.618,4.741,28.399,0.087,0.002,31.618,0.453,1,Sapo,0.8000
1755067499.1751935,12.532,2.634,29.259,0.063,0.002,30.947,0.421,1,Sapo,0.5655
1755067499.2651103,12.446,5.971,30.297,0.064,0.002,31.597,0.439,1,Sapo,0.3461
1755067499.3540633,12.324,8.678,43.980,0.084,0.001,32.375,0.422,1,?,0.1924
1755067499.4267344,12.285,9.032,15.109,0.064,0.001,30.793,0.722,1,?,0.1067
1755067499.5254185,12.197,5.396,43.556,0.089,0.001,32.704,0.431,1,?,0.2089
1755067499.5954988,12.247,8.058,28.808,0.064,0.001,32.073,0.458,1,?,0.2573
1755067499.686735,12.180,6.085,43.292,0.070,0.001,31.450,0.445,1,Sapo,0.3521
1755067499.7754424,12.140,10.036,43.589,0.071,0.002,30.979,0.429,1,Bala,0.4569
1755067499.8571017,12.128,2.058,43.414,0.067,0.001,33.959,0.523,1,Bala,0.5065
1755067499.95709,12.062,2.586,43.378,0.072,0.002,31.286,0.451,1,Bala,0.5529
1755067500.0476444,11.986,8.787,44.293,0.067,0.002,31.459,0.463,1,Bala,0.5895
1755067500.1262934,12.014,5.825,30.114,0.062,0.002,31.128,0.442,1,Bala,0.6427
1755067500.2071846,12.093,9.787,30.782,0.070,0.002,31.770,0.663,1,Bala,0.6954
1755067500.2797656,12.167,5.789,29.989,0.065,0.001,32.010,0.544,1,Bala,0.7567
1755067500.3672605,12.118,11.578,30.147,0.064,0.002,31.335,0.435,1,Bala,0.7900
1755067500.4442773,12.069,9.680,30.722,0.071,0.002,31.622,0.509,1,Bala,0.8234
1755067500.5146,12.151,5.760,30.128,0.070,0.002,30.863,0.484,1,Bala,0.8467
1755067500.6052125,12.104,11.471,30.754,0.071,0.002,32.080,0.464,1,Bala,0.8558
1755067500.6751974,12.166,7.092,30.090,0.123,0.002,31.632,0.454,1,Bala,0.8672
1755067500.7553194,12.227,6.879,29.940,0.068,0.001,30.263,0.431,1,Bala,0.8646
1755067500.8544803,12.126,8.806,30.625,0.068,0.002,33.087,0.445,1,Bala,0.8513
1755067500.937279,12.125,6.683,30.167,0.071,0.003,30.879,0.459,1,Bala,0.8473
1755067501.0153198,12.080,2.660,29.927,0.065,0.002,30.611,0.443,1,Bala,0.8406
1755067501.1061912,11.967,8.885,30.292,0.077,0.002,31.236,0.466,1,Bala,0.8369
1755067501.1852336,11.972,2.696,30.004,0.065,0.002,30.726,0.440,1,Bala,0.8336
1755067501.273266,12.040,6.774,30.181,0.071,0.002,30.698,0.436,1,Bala,0.8163
1755067501.3567595,12.024,4.748,30.019,0.062,0.002,31.158,0.449,1,Bala,0.8040
1755067501.4373424,11.955,6.240,30.056,0.063,0.002,30.380,0.474,1,Bala,0.7813
1755067501.5177562,11.963,2.262,29.958,0.065,0.002,31.890,0.446,1,Bala,0.7590
1755067501.607349,11.943,10.732,31.443,0.067,0.002,31.899,0.442,1,Bala,0.7370
1755067501.695276,11.926,6.740,43.490,0.065,0.002,31.494,0.450,1,Bala,0.7053
1755067501.7653878,11.986,10.776,30.208,0.063,0.001,30.577,0.461,1,Bala,0.6709
1755067501.8653994,11.863,2.662,43.664,0.076,0.002,33.146,0.494,1,Bala,0.6346
1755067501.9654267,11.880,2.672,43.265,0.067,0.002,30.941,0.478,1,Bala,0.5843
1755067502.0472548,11.816,6.266,43.571,0.065,0.002,30.792,0.545,1,Bala,0.4468
1755067502.13511,11.859,6.642,43.775,0.071,0.002,30.336,0.466,1,Bala,0.4459
1755067502.2243083,11.862,9.238,43.415,0.062,0.002,30.996,0.437,1,Bala,0.5455
1755067502.296914,11.915,6.699,30.223,0.072,0.002,30.697,0.644,1,Bala,0.6078
1755067502.377305,11.991,2.149,30.038,0.072,0.002,30.909,0.507,1,h,0.6557
1755067502.457287,12.035,2.235,29.999,0.069,0.002,30.834,0.443,1,h,0.6915
1755067502.5443008,12.027,6.365,30.194,0.074,0.002,32.387,0.520,1,h,0.6761
1755067502.6194408,12.030,4.663,30.035,0.082,0.002,31.665,0.576,1,h,0.5714
1755067502.7042136,11.962,6.616,30.125,0.067,0.001,30.947,0.530,1,h,0.4819
1755067502.7745032,12.057,6.692,30.094,0.072,0.002,30.763,0.456,1,h,0.3939
1755067502.8581932,12.008,2.715,29.868,0.064,0.001,33.500,0.435,1,?,0.2731
1755067502.9353354,11.942,6.779,30.466,0.065,0.001,30.016,0.437,1,?,0.2226
1755067503.0286727,11.966,5.852,30.178,0.184,0.003,30.814,0.429,1,h,0.3029
1755067503.1053438,11.905,6.881,29.940,0.064,0.002,31.304,0.427,1,h,0.3488
1755067503.197356,11.912,4.210,30.154,0.080,0.002,30.849,0.446,1,Vontade,0.3772
1755067503.2788782,11.961,2.668,30.078,0.086,0.003,31.360,0.434,1,Vontade,0.4053
1755067503.3634157,11.950,6.328,30.401,0.082,0.002,31.105,0.630,1,Vontade,0.4340
1755067503.445483,11.931,6.693,30.029,0.065,0.001,30.841,0.448,1,Vontade,0.5098
1755067503.5309901,11.957,4.354,29.958,0.062,0.002,31.634,0.484,1,Vontade,0.5860
1755067503.6081243,11.975,6.222,30.494,0.069,0.002,31.745,0.517,1,Vontade,0.6658
1755067503.6804373,12.047,6.799,30.637,0.088,0.002,31.230,0.433,1,Vontade,0.7198
1755067503.7651331,12.042,5.997,30.120,0.068,0.003,31.276,0.588,1,Vontade,0.7618
1755067503.8385963,12.089,8.590,31.170,0.066,0.002,32.044,0.453,1,Vontade,0.7566
1755067503.9231622,12.080,6.296,29.982,0.077,0.002,30.870,0.442,1,Vontade,0.7459
1755067504.0054202,12.085,7.830,30.179,0.067,0.002,29.901,0.538,1,Vontade,0.6746
1755067504.0775836,12.184,5.232,30.241,0.094,0.002,30.567,0.555,1,Vontade,0.6946
1755067504.1651053,12.123,9.871,30.141,0.065,0.002,30.929,0.462,1,Vontade,0.6346
1755067504.2352414,12.262,6.505,29.854,0.087,0.002,31.446,0.479,1,Vontade,0.6553
1755067504.3144114,12.347,2.566,30.143,0.065,0.002,30.397,0.434,1,Vontade,0.6837
1755067504.4005716,12.346,4.964,30.146,0.076,0.002,31.678,0.498,1,Vontade,0.7378
1755067504.4755118,12.370,1.780,29.889,0.064,0.002,31.588,0.443,1,Vontade,0.6492
1755067504.567575,12.370,6.715,30.682,0.067,0.002,33.423,0.460,1,Vontade,0.5400
1755067504.6365674,12.368,5.238,30.476,0.103,0.002,31.205,0.519,1,Vontade,0.4053
1755067504.7053003,12.416,6.185,30.141,0.071,0.002,30.678,0.530,1,Vontade,0.3624
1755067504.8000968,12.373,7.624,29.846,0.066,0.002,33.399,0.447,1,Vontade,0.3428
1755067504.8751075,12.415,2.665,30.092,0.063,0.002,31.350,0.437,1,Vontade,0.3278
1755067504.9684782,12.345,8.798,30.382,0.110,0.003,31.085,0.703,1,Vontade,0.3339
1755067505.054606,12.341,7.532,43.787,0.071,0.002,30.979,0.450,1,Vontade,0.3219
1755067505.135113,12.285,10.860,30.355,0.065,0.002,30.919,0.446,1,Vontade,0.3278
1755067505.2155416,12.299,2.667,30.401,0.072,0.002,30.724,0.431,1,Vontade,0.3128
1755067505.2854776,12.365,5.723,30.223,0.072,0.002,31.048,0.434,1,Vontade,0.3158
1755067505.357608,12.433,8.618,29.941,0.081,0.002,31.268,0.435,1,Vontade,0.3137
1755067505.42753,12.515,6.521,30.012,0.071,0.002,30.810,0.454,1,Vontade,0.3247
1755067505.5055518,12.562,9.634,30.545,0.067,0.002,31.671,0.461,1,Vontade,0.3360
1755067505.5818827,12.592,6.035,30.635,0.066,0.002,30.895,0.482,1,Vontade,0.3478
1755067505.6741605,12.550,12.354,30.776,0.065,0.002,32.951,0.544,1,tudo bem,0.3601
1755067505.74963,12.589,8.316,30.595,0.065,0.002,32.998,0.458,1,tudo bem,0.3755
1755067505.835548,12.578,9.838,30.298,0.065,0.002,30.470,0.461,1,tudo bem,0.3895
1755067505.925177,12.477,2.232,43.244,0.064,0.002,31.633,0.445,1,tudo bem,0.4301
1755067506.0165465,12.409,5.987,43.444,0.069,0.002,30.869,0.455,1,tudo bem,0.4757
1755067506.095108,12.401,6.307,43.764,0.065,0.002,31.303,0.452,1,tudo bem,0.5618
1755067506.1951795,12.269,5.946,43.494,0.071,0.002,31.168,0.518,1,tudo bem,0.6936
1755067506.294132,12.232,10.994,43.932,0.070,0.002,31.645,0.439,1,tudo bem,0.7739
1755067506.3752286,12.244,2.694,30.149,0.070,0.002,30.383,0.452,1,tudo bem,0.7976
1755067506.4592423,12.161,5.398,30.626,0.072,0.002,31.161,0.435,1,tudo bem,0.7720
1755067506.5450764,12.183,2.665,30.080,0.103,0.003,32.496,0.463,1,tudo bem,0.6089
1755067506.6321623,12.104,5.048,30.140,0.164,0.004,31.245,0.537,1,tudo bem,0.3671
1755067506.7150857,12.065,5.687,30.131,0.064,0.002,31.425,0.463,1,?,0.2223
1755067506.8092108,12.034,11.500,30.409,0.066,0.001,32.678,0.462,1,?,0.1845
1755067506.8850932,12.040,2.933,30.014,0.065,0.001,30.719,0.466,1,?,0.2112
1755067506.9755428,12.051,6.152,30.558,0.069,0.001,31.417,0.468,1,?,0.2135
1755067507.0592577,11.998,6.498,30.087,0.086,0.001,30.606,0.423,1,?,0.2141
1755067507.1351826,11.930,6.688,30.019,0.062,0.001,30.610,0.428,1,?,0.2135
1755067507.2253132,11.960,4.249,29.927,0.064,0.001,30.642,0.454,1,?,0.2238
1755067507.3121505,11.928,5.766,30.678,0.082,0.001,30.818,0.449,1,?,0.2484
1755067507.3813093,12.020,4.807,30.688,0.069,0.002,31.057,0.494,1,?,0.2594
1755067507.466981,12.020,6.807,30.207,0.065,0.001,31.617,0.635,1,?,0.2534
1755067507.545323,12.016,2.090,29.961,0.066,0.001,33.114,0.444,1,?,0.2745
1755067507.6351376,11.995,6.678,30.121,0.071,0.002,31.809,0.466,1,Banco,0.3023
1755067507.7151387,11.911,9.267,43.925,0.064,0.001,31.101,0.441,1,?,0.2944
1755067507.8154652,11.812,9.912,30.059,0.073,0.001,33.539,0.438,1,k,0.3101
1755067507.8970635,11.759,4.193,30.216,0.084,0.002,30.910,0.538,1,k,0.3142
1755067507.9754548,11.736,2.123,30.002,0.064,0.002,30.794,0.414,1,?,0.2985
1755067508.0753195,11.622,6.873,43.893,0.066,0.001,31.206,0.421,1,?,0.2767
1755067508.1568217,11.653,6.767,29.886,0.066,0.001,30.813,0.464,1,?,0.2761
1755067508.2441823,11.632,2.669,30.042,0.071,0.001,30.561,0.426,1,?,0.2792
1755067508.3451164,11.564,7.474,43.676,0.073,0.001,31.289,0.545,1,?,0.2687
1755067508.4268394,11.629,2.625,43.501,0.072,0.001,30.843,0.441,1,?,0.2535
1755067508.4978266,11.686,5.143,30.092,0.071,0.001,32.598,0.423,1,?,0.2677
1755067508.5855062,11.645,13.201,31.480,0.072,0.001,40.338,0.580,1,?,0.2886
1755067508.6569176,11.785,5.093,30.836,0.070,0.001,31.502,0.426,1,k,0.3023
1755067508.745374,11.829,10.321,30.241,0.065,0.002,30.818,0.518,1,?,0.2918
1755067508.8168643,11.878,6.637,30.356,0.067,0.001,32.982,0.462,1,?,0.2682
1755067508.9000049,11.897,5.012,30.137,0.065,0.001,31.298,0.441,1,?,0.2576
1755067508.9838061,11.894,5.790,29.949,0.088,0.001,31.120,0.476,1,?,0.2709
1755067509.0683167,11.902,5.303,30.511,0.125,0.002,31.502,0.563,1,?,0.2795
1755067509.1453137,11.933,2.369,30.070,0.071,0.002,30.541,0.421,1,?,0.2787
1755067509.234653,11.963,6.767,29.964,0.105,0.002,30.603,0.432,1,?,0.2808
1755067509.3155515,11.942,4.658,30.191,0.071,0.001,31.067,0.422,1,k,0.3115
1755067509.4014037,11.954,4.270,30.297,0.065,0.002,31.199,0.698,1,k,0.3534
1755067509.4828587,11.964,2.641,30.392,0.069,0.002,31.130,0.490,1,k,0.3970
1755067509.5651433,11.955,6.308,30.867,0.075,0.002,32.186,0.418,1,k,0.4458
1755067509.6354702,12.002,4.831,31.042,0.090,0.002,31.027,0.425,1,k,0.4809
1755067509.7273362,12.002,6.004,29.883,0.067,0.001,31.038,0.497,1,k,0.5392
1755067509.8014653,11.974,8.919,30.087,0.066,0.002,33.067,0.426,1,k,0.5799
1755067509.8813221,12.013,1.749,30.296,0.082,0.002,30.387,0.450,1,k,0.6002
1755067509.9681478,11.985,8.820,30.065,0.074,0.002,31.603,0.525,1,k,0.6386
1755067510.04697,12.015,2.097,30.142,0.065,0.002,31.679,0.443,1,k,0.6599
1755067510.1355655,12.019,8.559,30.478,0.078,0.002,30.833,0.532,1,k,0.6494
1755067510.2154186,12.081,2.609,30.172,0.063,0.002,31.052,0.432,1,k,0.6290
1755067510.303318,12.053,7.444,30.051,0.072,0.002,30.918,0.451,1,k,0.6198
1755067510.3755107,12.047,2.671,29.831,0.066,0.002,30.738,0.433,1,k,0.6057
1755067510.4703054,12.118,6.289,30.406,0.067,0.002,30.896,0.683,1,k,0.5891
1755067510.5479329,12.133,2.621,30.184,0.072,0.002,32.407,0.451,1,k,0.5616
1755067510.6274114,12.147,5.185,30.333,0.075,0.002,32.094,0.454,1,k,0.5474
1755067510.7144184,12.237,2.611,30.380,0.067,0.002,31.030,0.511,1,k,0.5327
1755067510.8054368,12.185,10.555,29.969,0.079,0.002,33.150,0.465,1,k,0.5028
1755067510.8853862,12.148,2.658,29.680,0.064,0.002,30.842,0.449,1,k,0.4406
1755067510.9679203,12.194,6.623,30.357,0.070,0.002,30.502,0.447,1,k,0.3985
1755067511.065467,12.056,4.804,43.675,0.078,0.002,30.921,0.448,1,k,0.3648
1755067511.1275697,12.174,8.606,15.123,0.063,0.002,30.789,0.495,1,?,0.2736
1755067511.2074397,12.135,2.597,30.232,0.065,0.001,30.476,0.431,1,?,0.2733
1755067511.2785044,12.190,6.160,30.670,0.108,0.002,31.173,0.481,1,?,0.2504
1755067511.36448,12.184,6.497,30.337,0.072,0.001,31.173,0.746,1,?,0.1783
1755067511.4445617,12.204,2.598,30.059,0.071,0.001,31.053,0.436,1,?,0.2455
1755067511.5279448,12.177,5.347,30.562,0.079,0.002,31.316,0.460,1,?,0.2131
1755067511.6070697,12.220,5.015,30.541,0.064,0.001,30.828,0.433,1,?,0.1791
1755067511.685508,12.231,2.645,43.513,0.065,0.001,32.092,0.488,1,?,0.1917
1755067511.7686155,12.242,6.694,30.285,0.114,0.002,32.886,0.451,1,?,0.2028
1755067511.8655355,12.167,6.168,43.501,0.062,0.001,30.923,0.437,1,?,0.2446
1755067511.9351237,12.214,11.844,30.401,0.071,0.001,30.538,0.414,1,h,0.3353
1755067512.0370977,12.086,4.810,43.269,0.110,0.002,32.183,0.406,1,?,0.2737
1755067512.0954645,12.252,2.164,15.268,0.091,0.001,31.852,0.426,1,?,0.1833
1755067512.187097,12.133,7.743,43.985,0.079,0.001,31.280,0.417,1,h,0.3276
1755067512.2486198,12.249,4.800,15.542,0.066,0.002,30.953,0.549,1,h,0.4580
1755067512.344498,12.208,2.871,43.822,0.107,0.002,31.912,0.410,1,h,0.5264
1755067512.4291372,12.185,4.788,30.404,0.124,0.004,31.253,0.424,1,h,0.5324
1755067512.5091395,12.215,2.504,30.699,0.063,0.001,31.110,0.435,1,z,0.5197
1755067512.5951512,12.180,12.490,31.130,0.068,0.002,31.454,0.458,1,z,0.4605
1755067512.6705735,12.245,8.477,30.422,0.085,0.002,32.189,0.584,1,z,0.3657
1755067512.7570255,12.209,7.029,43.666,0.068,0.002,33.594,0.452,1,z,0.5020
1755067512.8453052,12.210,8.400,43.687,0.088,0.002,31.094,0.434,1,z,0.5908
1755067512.9270358,12.193,5.849,30.309,0.108,0.002,31.125,0.436,1,m,0.6447
1755067513.001175,12.231,5.722,31.149,0.063,0.002,32.002,0.448,1,m,0.7094
1755067513.0830362,12.246,2.682,30.169,0.063,0.002,31.582,0.418,1,m,0.7747
1755067513.1654615,12.291,4.774,29.972,0.064,0.002,31.156,0.439,1,m,0.8148
1755067513.238079,12.330,7.128,30.910,0.068,0.002,31.015,0.435,1,m,0.7944
1755067513.3253,12.322,8.729,30.167,0.072,0.002,30.894,0.707,1,m,0.6782
1755067513.4050884,12.408,2.635,30.258,0.088,0.002,31.055,0.435,1,m,0.5243
1755067513.4897056,12.278,5.620,30.327,0.078,0.002,31.398,0.433,1,m,0.4197
1755067513.5641444,12.308,6.792,31.249,0.065,0.001,32.417,0.429,1,m,0.4436
1755067513.6401067,12.282,2.954,30.533,0.084,0.002,30.928,0.459,1,m,0.4933
1755067513.7252328,12.276,5.315,30.267,0.333,0.003,33.741,0.520,1,m,0.5059
1755067513.8071082,12.271,6.671,29.930,0.074,0.001,30.991,0.440,1,m,0.4956
1755067513.8751206,12.356,5.185,30.422,0.062,0.002,30.662,0.432,1,n,0.4829
1755067513.9661238,12.294,8.849,30.316,0.071,0.002,31.767,0.569,1,n,0.4811
1755067514.0551436,12.227,2.707,43.476,0.081,0.001,30.615,0.502,1,n,0.5379
1755067514.1178153,12.350,6.016,15.109,0.064,0.002,31.570,0.435,1,n,0.6521
1755067514.202223,12.415,5.355,30.026,0.072,0.002,31.648,0.432,1,n,0.7811
1755067514.297269,12.318,2.603,43.645,0.101,0.002,31.978,0.447,1,n,0.8556
1755067514.3661997,12.473,2.420,15.029,0.139,0.003,31.987,0.503,1,n,0.8916
1755067514.4472733,12.296,9.005,30.158,0.067,0.002,30.935,0.420,1,n,0.9097
1755067514.538521,12.365,4.720,30.480,0.088,0.002,31.699,0.450,1,n,0.9192
1755067514.6127448,12.263,9.153,30.351,0.072,0.002,31.033,0.465,1,n,0.9264
1755067514.7043357,12.286,10.814,30.379,0.076,0.002,33.525,0.437,1,n,0.9306
1755067514.7752311,12.319,2.618,30.190,0.066,0.001,30.706,0.422,1,n,0.9345
1755067514.8654435,12.289,7.786,30.606,0.080,0.002,30.918,0.434,1,n,0.9379
1755067514.9520183,12.318,2.635,30.477,0.066,0.002,31.239,0.499,1,n,0.9400
1755067515.035313,12.253,7.350,30.543,0.088,0.002,30.763,0.431,1,n,0.9427
1755067515.1200378,12.281,2.804,30.440,0.068,0.002,31.520,0.443,1,n,0.9442
1755067515.205249,12.290,6.734,30.273,0.101,0.002,31.137,0.444,1,n,0.9447
1755067515.2873638,12.309,2.661,30.139,0.065,0.002,32.127,0.473,1,n,0.9445
1755067515.3722572,12.239,5.336,30.614,0.070,0.002,31.798,0.547,1,n,0.9443
1755067515.4553697,12.215,6.768,43.346,0.063,0.002,31.269,0.424,1,n,0.9369
1755067515.5452712,12.187,6.402,43.587,0.080,0.002,33.450,0.458,1,n,0.9230
1755067515.6177697,12.173,10.183,29.051,0.064,0.002,31.569,0.424,1,n,0.8766
1755067515.7231631,12.091,12.357,43.530,0.081,0.001,33.502,0.496,1,n,0.6730
1755067515.792401,12.154,6.174,15.037,0.069,0.002,30.781,0.752,1,n,0.3893
1755067515.8753111,12.153,4.210,30.057,0.066,0.001,32.303,0.456,1,?,0.2148
1755067515.9577892,12.110,4.833,30.290,0.067,0.001,31.305,0.422,1,?,0.1216
1755067516.0277948,12.127,8.185,30.129,0.069,0.001,31.329,0.438,1,?,0.0966
1755067516.1139019,12.147,2.587,30.170,0.071,0.001,31.430,0.478,1,?,0.1602
1755067516.1984184,12.134,5.234,30.098,0.071,0.001,31.698,0.438,1,?,0.2126
1755067516.2804043,12.064,2.906,30.121,0.087,0.001,32.279,0.435,1,?,0.2442
1755067516.3654807,12.087,6.728,30.205,0.066,0.001,31.268,0.437,1,?,0.2788
1755067516.447829,12.138,2.703,30.350,0.086,0.001,32.533,0.413,1,f,0.3304
1755067516.5378482,11.988,7.277,30.396,0.077,0.002,31.185,0.429,1,f,0.3571
1755067516.6164057,12.004,6.549,30.342,0.085,0.002,32.345,0.430,1,f,0.3399
1755067516.7042964,12.050,6.302,31.228,0.075,0.002,33.551,0.429,1,f,0.3007
1755067516.7778757,12.030,7.644,30.662,0.072,0.002,30.877,0.442,1,?,0.2531
1755067516.848703,12.100,6.112,30.557,0.080,0.001,32.759,0.423,1,?,0.2137
1755067516.9344065,12.107,6.437,29.943,0.068,0.001,31.518,0.538,1,?,0.1863
1755067517.0155485,12.073,2.700,30.033,0.071,0.002,31.654,0.424,1,?,0.1907
1755067517.099414,12.102,6.404,30.690,0.087,0.002,31.663,0.429,1,?,0.1919
1755067517.1778839,12.096,2.554,30.156,0.063,0.001,31.091,0.423,1,?,0.1888
1755067517.2644567,12.109,4.337,30.325,0.067,0.001,31.930,0.506,1,?,0.1787
1755067517.3484762,12.102,5.224,30.154,0.072,0.001,31.478,0.419,1,?,0.1794
1755067517.4310515,12.120,3.347,30.249,0.073,0.001,31.439,0.650,1,?,0.1759
1755067517.5094428,12.120,2.601,30.032,0.089,0.001,32.315,0.430,1,?,0.1748
1755067517.5954435,12.126,10.804,30.663,0.066,0.001,31.791,0.435,1,?,0.1792
1755067517.671509,12.166,6.138,30.367,0.118,0.001,32.776,0.443,1,?,0.1880
1755067517.7576075,12.157,6.687,31.393,0.081,0.001,30.794,0.474,1,?,0.1895
1755067517.8470376,12.128,10.793,30.232,0.071,0.001,32.640,0.451,1,?,0.1839
1755067517.927398,12.153,5.722,30.211,0.064,0.001,31.497,0.440,1,?,0.1812
1755067518.013047,12.120,2.605,30.328,0.072,0.001,30.851,0.574,1,?,0.1820
1755067518.098927,12.208,6.909,30.032,0.071,0.001,31.962,0.595,1,?,0.1845
1755067518.1775398,12.150,2.324,30.254,0.065,0.001,31.061,0.435,1,?,0.1889
1755067518.2662947,12.131,7.919,30.145,0.070,0.001,31.593,0.440,1,?,0.1942
1755067518.348549,12.137,2.613,30.093,0.065,0.001,31.908,0.447,1,?,0.1962
1755067518.4327075,12.071,5.771,30.608,0.068,0.001,31.294,0.470,1,?,0.1916
1755067518.5146,12.082,2.650,30.085,0.144,0.001,31.337,0.591,1,?,0.1889
1755067518.595104,12.068,11.484,30.598,0.072,0.001,32.519,0.443,1,?,0.2105
1755067518.675088,12.102,5.180,30.146,0.067,0.001,32.912,0.526,1,?,0.2303
1755067518.7454748,12.170,6.637,30.226,0.072,0.001,31.010,0.422,1,?,0.2483
1755067518.8346877,12.161,6.385,30.990,0.065,0.001,31.013,0.531,1,?,0.2637
1755067518.9186082,12.182,6.162,30.016,0.064,0.001,31.106,0.408,1,?,0.2789
1755067518.995569,12.165,4.564,30.378,0.067,0.001,30.959,0.428,1,?,0.2944
1755067519.082975,12.193,2.670,30.049,0.069,0.001,31.068,0.479,1,?,0.2433
1755067519.168504,12.129,6.809,30.618,0.137,0.002,30.940,0.760,1,?,0.2170
1755067519.2490382,12.089,2.932,30.080,0.064,0.001,30.867,0.652,1,?,0.1716
1755067519.3301606,12.097,1.785,30.209,0.071,0.001,31.467,0.494,1,?,0.1409
1755067519.409568,12.109,2.591,30.202,0.072,0.002,31.352,0.456,1,?,0.1576
1755067519.5095105,12.041,6.621,43.304,0.077,0.001,32.197,0.419,1,?,0.1759
1755067519.587633,12.043,11.857,30.571,0.066,0.001,31.977,0.438,1,?,0.1873
1755067519.6641686,12.085,6.216,30.396,0.076,0.001,33.691,0.462,1,?,0.1887
1755067519.7451477,12.088,6.675,29.995,0.064,0.001,31.125,0.468,1,?,0.1824
1755067519.835719,12.062,8.243,30.020,0.062,0.002,31.143,0.431,1,?,0.1764
1755067519.9171748,12.064,3.142,29.965,0.076,0.001,31.115,0.497,1,?,0.1663
1755067520.0021422,12.047,7.813,30.165,0.066,0.001,31.160,0.507,1,?,0.2201
1755067520.077542,12.029,2.723,29.817,0.066,0.001,30.710,0.445,1,?,0.2825
1755067520.1652029,12.045,5.631,43.820,0.080,0.001,31.342,0.480,1,f,0.3819
1755067520.256124,12.012,2.121,43.517,0.071,0.002,31.972,0.421,1,f,0.5221
1755067520.3451295,11.988,2.667,43.629,0.072,0.002,31.161,0.435,1,z,0.5972
1755067520.4222343,12.037,4.862,30.692,0.074,0.002,31.055,0.748,1,z,0.6220
1755067520.500866,12.063,2.593,29.947,0.064,0.002,31.608,0.448,1,z,0.6157
1755067520.597111,11.982,6.604,31.577,0.115,0.003,44.752,0.643,1,z,0.6155
1755067520.665422,12.048,2.710,30.170,0.066,0.002,33.844,0.437,1,z,0.5927
1755067520.7432292,12.107,5.530,30.703,0.074,0.002,31.146,0.559,1,z,0.5723
1755067520.8263333,12.118,4.676,30.209,0.071,0.002,31.330,0.544,1,z,0.5393
1755067520.9077356,12.115,2.700,30.186,0.071,0.002,31.160,0.513,1,z,0.5110
1755067520.985247,12.149,2.228,29.809,0.071,0.002,31.552,0.425,1,z,0.4931
1755067521.0579827,12.184,5.007,30.499,0.071,0.002,31.008,0.446,1,z,0.4709
1755067521.1424232,12.108,6.702,30.582,0.070,0.002,31.222,0.452,1,z,0.4504
1755067521.2281382,12.116,6.762,29.860,0.078,0.002,31.718,0.562,1,z,0.4345
1755067521.30028,12.176,7.413,30.164,0.068,0.002,31.797,0.450,1,z,0.4128
1755067521.3742054,12.221,9.856,30.407,0.075,0.002,31.174,0.461,1,z,0.3583
1755067521.4593356,12.202,6.674,30.232,0.075,0.002,31.270,0.551,1,?,0.2908
1755067521.5453568,12.199,6.779,30.253,0.074,0.001,32.444,0.421,1,z,0.3654
1755067521.6178014,12.231,6.036,30.366,0.113,0.002,33.478,0.491,1,z,0.4304
1755067521.6972,12.237,5.164,30.085,0.096,0.002,30.894,0.446,1,h,0.4573
1755067521.7712831,12.288,5.735,30.311,0.065,0.002,30.820,0.515,1,h,0.4648
1755067521.855192,12.338,10.020,30.136,0.062,0.001,31.243,0.427,1,h,0.4388
1755067521.9452405,12.304,6.728,30.066,0.079,0.002,30.868,0.539,1,h,0.4126
1755067522.0288599,12.266,4.760,30.269,0.071,0.002,31.372,0.743,1,h,0.3761
1755067522.107804,12.276,2.793,30.175,0.066,0.002,31.159,0.427,1,h,0.3376
1755067522.1962683,12.282,7.878,30.248,0.093,0.002,31.237,0.716,1,?,0.2982
1755067522.27685,12.285,2.655,29.963,0.066,0.001,31.475,0.445,1,?,0.2350
1755067522.3642642,12.286,7.580,30.109,0.097,0.001,31.987,0.451,1,?,0.2289
1755067522.4353702,12.281,2.619,29.997,0.066,0.001,31.125,0.550,1,?,0.2719
1755067522.5107768,12.352,5.427,30.034,0.065,0.001,31.455,0.436,1,?,0.2874
1755067522.5953157,12.432,6.940,30.496,0.067,0.001,33.890,0.428,1,?,0.2891
1755067522.6753838,12.464,9.729,30.121,0.072,0.001,31.975,0.424,1,?,0.2537
1755067522.7579203,12.418,6.808,30.099,0.064,0.001,30.964,0.520,1,?,0.2113
1755067522.8268898,12.455,9.689,30.384,0.065,0.001,31.155,0.428,1,?,0.1711
1755067522.9127817,12.532,2.655,30.142,0.070,0.001,31.650,0.422,1,?,0.1815
1755067522.9979758,12.472,6.275,30.365,0.065,0.001,31.311,0.511,1,?,0.1988
1755067523.0837605,12.393,7.280,30.090,0.090,0.003,31.067,0.442,1,?,0.1966
1755067523.1674733,12.387,5.209,30.349,0.079,0.001,31.585,0.531,1,?,0.1837
1755067523.2453277,12.390,2.615,30.439,0.073,0.001,30.896,0.437,1,?,0.1549
1755067523.3342779,12.359,6.757,29.788,0.072,0.001,31.450,0.447,1,?,0.1435
1755067523.4079475,12.339,8.571,30.327,0.127,0.002,31.237,0.535,1,?,0.1646
1755067523.4941678,12.339,6.860,30.330,0.090,0.001,31.533,0.596,1,?,0.1862
1755067523.58508,12.295,10.599,30.500,0.065,0.001,34.645,0.429,1,?,0.2093
1755067523.6581323,12.276,5.870,30.772,0.073,0.001,31.968,0.452,1,?,0.2405
1755067523.7353733,12.247,6.211,30.136,0.067,0.001,30.508,0.436,1,?,0.2995
1755067523.8254912,12.221,9.900,29.908,0.064,0.001,31.093,0.432,1,Bala,0.3509
1755067523.9141922,12.246,2.606,30.136,0.064,0.002,30.525,0.440,1,Bala,0.3872
1755067523.9954813,12.183,7.400,30.050,0.065,0.002,30.787,0.470,1,Bala,0.3844
1755067524.0699582,12.244,4.940,30.210,0.098,0.002,31.051,0.448,1,Bala,0.3236
1755067524.1450863,12.191,2.336,30.054,0.071,0.002,30.852,0.418,1,?,0.2961
1755067524.2343864,12.209,6.802,29.995,0.071,0.001,31.422,0.450,1,?,0.2797
1755067524.3083732,12.274,8.380,30.785,0.083,0.002,31.046,0.442,1,?,0.2727
1755067524.3933487,12.266,5.694,29.885,0.065,0.001,31.565,0.427,1,?,0.2658
1755067524.4753518,12.259,2.712,30.234,0.071,0.001,31.792,0.460,1,?,0.2506
1755067524.5598972,12.255,5.873,30.417,0.066,0.001,35.013,0.599,1,?,0.2424
1755067524.6353521,12.259,5.372,30.376,0.068,0.001,31.039,0.459,1,?,0.2354
1755067524.7180493,12.321,7.996,30.070,0.074,0.001,31.317,0.425,1,?,0.2297
1755067524.803532,12.288,6.861,30.207,0.070,0.001,30.963,0.430,1,?,0.2267
1755067524.8844404,12.232,2.588,30.051,0.074,0.001,30.865,0.478,1,?,0.2204
1755067524.9714406,12.203,8.418,30.138,0.064,0.001,31.165,0.452,1,?,0.2120
1755067525.047055,12.217,1.836,30.184,0.071,0.001,30.772,0.431,1,?,0.2043
1755067525.1375442,12.185,7.719,30.056,0.068,0.002,30.410,0.450,1,?,0.1986
1755067525.2180474,12.134,4.281,30.079,0.066,0.001,31.257,0.419,1,?,0.1895
1755067525.3085787,12.109,6.671,30.792,0.069,0.001,31.259,0.522,1,?,0.1815
1755067525.3920832,12.107,4.377,30.295,0.072,0.001,33.451,0.427,1,?,0.1812
1755067525.4725158,12.140,2.588,30.043,0.067,0.001,30.909,0.429,1,?,0.1885
1755067525.557485,12.119,6.279,30.516,0.065,0.001,34.469,0.466,1,?,0.1863
1755067525.6366248,12.143,6.702,30.278,0.064,0.001,32.775,0.510,1,?,0.1834
1755067525.7231588,12.144,8.302,29.924,0.065,0.001,30.867,0.439,1,?,0.1749
1755067525.797093,12.106,2.529,30.028,0.072,0.001,30.762,0.449,1,?,0.1706
1755067525.8855274,12.114,4.110,30.031,0.066,0.001,31.615,0.440,1,?,0.1705
1755067525.9755213,12.139,7.518,29.911,0.066,0.001,31.081,0.433,1,?,0.1668
1755067526.047113,12.158,6.622,30.926,0.067,0.001,31.843,0.409,1,?,0.1679
1755067526.132379,12.134,6.425,30.280,0.065,0.001,31.673,0.695,1,?,0.1648
1755067526.212534,12.182,2.567,30.309,0.063,0.001,31.286,0.417,1,?,0.1644
1755067526.300154,12.154,6.655,29.935,0.071,0.001,31.687,0.505,1,?,0.1655
1755067526.3755608,12.179,2.581,30.449,0.071,0.001,31.230,0.403,1,?,0.1724
1755067526.4680653,12.090,6.216,30.184,0.080,0.001,31.796,0.537,1,?,0.1861
1755067526.5471432,12.080,8.666,31.556,0.073,0.001,38.684,0.442,1,?,0.2137
1755067526.6281815,12.113,10.872,31.280,0.064,0.001,31.612,0.541,1,?,0.2673
1755067526.7132287,12.058,2.960,31.507,0.069,0.001,33.300,0.483,1,Bala,0.3660
1755067526.7851996,12.119,2.839,30.900,0.073,0.002,31.811,0.435,1,Bala,0.4389
1755067526.8741024,12.089,6.216,32.862,0.109,0.002,32.921,0.452,1,Bala,0.4902
1755067526.954096,12.129,6.394,30.271,0.075,0.002,31.281,0.421,1,Bala,0.5152
1755067527.0371728,12.110,5.641,30.362,0.067,0.002,30.557,0.477,1,Bala,0.4911
1755067527.1171868,12.059,6.423,29.893,0.065,0.001,30.661,0.509,1,Bala,0.4720
1755067527.1951983,12.125,8.851,30.260,0.065,0.002,30.675,0.460,1,Bala,0.4625
1755067527.2751193,12.096,6.798,30.315,0.066,0.002,31.271,0.432,1,Bala,0.4683
1755067527.3652377,12.112,4.793,30.004,0.064,0.002,31.531,0.431,1,Bala,0.4933
1755067527.447258,12.103,2.593,30.273,0.068,0.002,31.029,0.619,1,Bala,0.5356
1755067527.5342162,12.099,5.872,30.095,0.071,0.002,33.926,0.469,1,Bala,0.5902
1755067527.605219,12.158,6.687,30.776,0.065,0.001,30.725,0.485,1,Bala,0.6429
1755067527.6752276,12.247,6.303,30.025,0.068,0.002,30.281,0.442,1,Bala,0.6896
1755067527.7451591,12.318,7.147,30.258,0.071,0.002,31.392,0.420,1,Bala,0.7167
1755067527.824581,12.330,6.744,29.888,0.066,0.002,31.075,0.528,1,Bala,0.7285
1755067527.897694,12.397,8.777,31.693,0.073,0.002,32.293,0.472,1,Bala,0.7255
1755067527.9851952,12.323,7.838,32.048,0.072,0.002,35.157,0.581,1,Bala,0.7173
1755067528.0752208,12.330,6.119,32.533,0.083,0.002,34.244,0.694,1,Bala,0.7121
1755067528.1472907,12.358,8.041,31.113,0.084,0.003,32.548,0.476,1,Bala,0.7131
1755067528.2353146,12.344,6.993,32.381,0.072,0.002,32.928,0.503,1,Bala,0.7282
1755067528.3176777,12.370,5.678,31.719,0.069,0.002,31.947,0.507,1,Bala,0.7399
1755067528.4041665,12.308,4.971,31.461,0.076,0.002,32.400,0.492,1,Bala,0.7369
1755067528.4843433,12.330,1.889,31.119,0.070,0.002,33.128,0.456,1,Bala,0.7342
1755067528.567273,12.309,7.291,30.012,0.081,0.002,33.061,0.464,1,Bala,0.7339
1755067528.6367354,12.386,6.778,30.680,0.092,0.002,30.400,0.466,1,Bala,0.7285
1755067528.73006,12.344,5.986,30.908,0.074,0.002,31.601,0.609,1,Bala,0.7477
1755067528.8101888,12.380,2.609,30.359,0.071,0.002,31.379,0.481,1,Bala,0.7551
1755067528.8873045,12.374,5.905,29.970,0.082,0.002,31.385,0.442,1,Bala,0.7530
1755067528.967875,12.403,9.111,30.413,0.084,0.002,30.905,0.518,1,Bala,0.7491
1755067529.0432076,12.448,6.063,30.409,0.086,0.003,30.617,0.443,1,Bala,0.7595
1755067529.1141856,12.458,6.636,29.931,0.063,0.002,31.426,0.447,1,Bala,0.7814
1755067529.2031226,12.451,10.841,30.705,0.066,0.002,30.585,0.723,1,Bala,0.7949
1755067529.2842507,12.442,2.642,29.773,0.062,0.002,31.804,0.505,1,Bala,0.8004
1755067529.3653514,12.442,6.194,30.132,0.067,0.002,30.842,0.430,1,Bala,0.8012
1755067529.4512274,12.446,2.629,30.133,0.071,0.002,33.303,0.438,1,Bala,0.7445
1755067529.537064,12.383,6.348,29.865,0.076,0.002,32.511,0.435,1,Bala,0.5891
1755067529.617248,12.388,11.702,30.793,0.123,0.003,31.446,0.440,1,Bala,0.3674
1755067529.7172294,12.321,12.158,43.486,0.080,0.002,31.824,0.438,1,Bala,0.4292
1755067529.7779307,12.439,6.281,15.201,0.072,0.002,31.331,0.430,1,Bala,0.4710
1755067529.875432,12.387,5.259,44.022,0.084,0.002,30.924,0.582,1,Bala,0.4816
1755067529.9452832,12.396,6.324,15.028,0.073,0.002,30.847,0.426,1,h,0.5547
1755067530.0452747,12.243,5.761,43.324,0.092,0.002,33.079,0.408,1,h,0.6256
1755067530.1143186,12.252,5.404,15.326,0.074,0.002,31.547,0.476,1,h,0.6269
1755067530.19903,12.213,6.330,30.007,0.072,0.002,30.650,0.436,1,h,0.6153
1755067530.2652874,12.231,8.511,30.391,0.065,0.001,30.639,0.422,1,h,0.5651
1755067530.357497,12.249,7.179,29.884,0.064,0.001,31.293,0.424,1,h,0.4685
1755067530.4288383,12.307,6.659,30.411,0.079,0.002,33.591,0.445,1,h,0.4082
1755067530.5104318,12.286,2.915,30.330,0.065,0.001,31.533,0.491,1,h,0.3429
1755067530.5854604,12.305,3.792,30.459,0.065,0.002,32.124,0.456,1,?,0.2840
1755067530.6774426,12.295,3.157,30.368,0.070,0.001,31.680,0.645,1,?,0.2659
1755067530.7514527,12.351,5.594,30.030,0.067,0.001,30.864,0.573,1,?,0.2703
1755067530.8355148,12.333,6.104,30.049,0.064,0.001,30.993,0.523,1,?,0.2785
1755067530.9054914,12.372,13.590,30.274,0.065,0.001,30.869,0.415,1,?,0.2880
1755067530.9975133,12.298,6.291,29.998,0.071,0.001,31.314,0.425,1,?,0.2926
1755067531.081206,12.336,2.681,30.249,0.065,0.001,31.951,0.436,1,Banco,0.3159
1755067531.1662998,12.312,6.697,29.884,0.092,0.003,31.308,0.584,1,Banco,0.3191
1755067531.2470114,12.324,2.646,29.698,0.071,0.002,31.336,0.601,1,Banco,0.3210
1755067531.3285387,12.282,2.652,30.140,0.072,0.002,31.251,0.739,1,Banco,0.3802
1755067531.4100168,12.243,2.194,30.297,0.116,0.002,33.119,0.502,1,Banco,0.4579
1755067531.475103,12.245,6.142,30.200,0.062,0.001,31.218,0.426,1,k,0.5170
1755067531.5668967,12.256,6.096,30.111,0.084,0.002,32.520,0.438,1,k,0.5714
1755067531.63807,12.313,6.115,30.456,0.080,0.002,31.114,0.435,1,k,0.6313
1755067531.7160153,12.325,6.186,29.753,0.066,0.002,30.408,0.533,1,k,0.7146
1755067531.7970674,12.370,11.384,30.092,0.102,0.003,30.865,0.671,1,k,0.7888
1755067531.8775263,12.392,2.123,29.918,0.065,0.002,30.986,0.439,1,k,0.8197
1755067531.9600308,12.408,2.187,30.027,0.066,0.002,31.628,0.429,1,k,0.8453
1755067532.0484157,12.450,10.665,30.396,0.065,0.002,31.289,0.462,1,k,0.8765
1755067532.130545,12.331,3.488,29.964,0.068,0.001,31.073,0.642,1,k,0.9068
1755067532.215111,12.395,6.782,30.191,0.073,0.002,30.929,0.432,1,k,0.9206
1755067532.2953498,12.325,4.198,29.707,0.066,0.002,31.540,0.448,1,k,0.9260
1755067532.3700058,12.466,6.156,30.374,0.078,0.002,32.620,0.431,1,k,0.9286
1755067532.4505093,12.416,2.628,30.027,0.070,0.002,31.373,0.453,1,k,0.9317
1755067532.5335143,12.419,4.685,29.827,0.063,0.002,31.964,0.434,1,k,0.9281
1755067532.615199,12.371,6.375,31.727,0.084,0.002,36.074,0.433,1,k,0.9165
1755067532.695121,12.384,12.511,30.006,0.066,0.002,30.963,0.436,1,k,0.9010
1755067532.772496,12.387,7.747,30.922,0.072,0.002,31.435,0.465,1,k,0.8873
1755067532.8555691,12.360,6.736,29.586,0.082,0.003,30.771,0.434,1,k,0.8757
1755067532.939059,12.364,2.734,29.917,0.071,0.002,31.968,0.479,1,k,0.8640
1755067533.0196571,12.386,2.188,30.173,0.066,0.002,31.686,0.520,1,k,0.8612
1755067533.101204,12.342,2.649,30.250,0.067,0.002,31.355,0.661,1,k,0.8482
1755067533.1735132,12.406,7.589,30.614,0.076,0.003,30.736,0.473,1,k,0.8254
1755067533.23755,12.455,5.629,29.778,0.067,0.002,30.325,0.444,1,k,0.7920
1755067533.316149,12.518,6.189,30.426,0.069,0.002,33.814,0.428,1,k,0.7579
1755067533.395559,12.517,7.560,30.118,0.075,0.002,30.594,0.445,1,k,0.7968
1755067533.4651449,12.593,5.678,30.695,0.114,0.002,30.965,0.433,1,k,0.8429
1755067533.545095,12.599,13.926,30.284,0.070,0.002,32.560,0.451,1,k,0.8749
1755067533.6266742,12.613,7.251,29.904,0.071,0.002,31.548,0.498,1,k,0.8898
1755067533.7018862,12.664,9.448,30.156,0.074,0.002,31.061,0.513,1,k,0.8912
1755067533.7827032,12.603,2.653,29.998,0.149,0.003,31.418,0.492,1,k,0.8902
1755067533.8692021,12.602,8.301,30.386,0.072,0.002,32.022,0.456,1,k,0.8887
1755067533.9476795,12.556,2.120,30.197,0.065,0.001,31.555,0.446,1,k,0.8895
1755067534.0377402,12.523,8.378,30.035,0.069,0.002,31.416,0.531,1,k,0.8928
1755067534.1175587,12.493,2.176,29.929,0.066,0.002,31.391,0.444,1,k,0.8766
1755067534.1975532,12.466,6.971,29.957,0.066,0.001,30.991,0.452,1,k,0.8844
1755067534.2876866,12.460,2.659,29.755,0.064,0.002,33.496,0.442,1,k,0.8702
1755067534.3675904,12.491,6.772,30.073,0.092,0.002,30.781,0.429,1,k,0.8600
1755067534.451942,12.491,2.701,30.027,0.075,0.002,31.188,0.508,1,k,0.8559
1755067534.5375645,12.487,7.111,30.393,0.100,0.003,31.071,0.446,1,k,0.8294
1755067534.6076102,12.530,2.807,30.701,0.079,0.002,32.107,0.439,1,k,0.8290
1755067534.7052882,12.386,6.015,42.968,0.088,0.002,31.188,0.422,1,k,0.8311
1755067534.766137,12.520,3.280,15.324,0.090,0.002,31.454,0.661,1,k,0.8275
1755067534.8591545,12.450,3.678,43.566,0.081,0.002,32.442,0.463,1,k,0.7793
1755067534.944469,12.451,2.641,28.605,0.081,0.001,31.466,0.440,1,k,0.5791
1755067535.0251768,12.442,6.021,28.664,0.023,0.002,33.220,0.438,0,k,0.7125
1755067535.1072812,12.418,10.169,30.118,0.025,0.002,31.346,0.515,0,k,0.8144
1755067535.172425,12.516,2.702,15.749,0.026,0.002,31.100,0.442,0,k,0.8753
1755067535.2472029,12.567,6.753,16.239,0.026,0.002,34.695,0.426,0,k,0.9063
1755067535.302319,12.703,6.614,16.477,0.025,0.001,30.427,0.556,0,k,0.9167
1755067535.3751702,12.754,8.925,16.058,0.026,0.002,31.048,0.436,0,k,0.9301
1755067535.4453242,12.763,7.123,16.061,0.023,0.001,31.489,0.448,0,k,0.9274
1755067535.5123222,12.765,4.701,15.817,0.027,0.002,32.126,0.419,0,k,0.8941
1755067535.5753248,12.812,9.686,16.151,0.023,0.002,34.220,0.427,0,k,0.7609
1755067535.65122,12.877,5.891,15.929,0.031,0.002,31.620,0.410,0,k,0.4803
1755067535.7063334,12.954,6.653,16.072,0.028,0.002,31.606,0.429,0,k,0.3940
1755067535.864135,12.527,2.215,16.103,0.027,0.002,33.295,0.459,0,k,0.4288
1755067535.919785,12.650,5.986,16.149,0.025,0.001,31.399,0.467,0,k,0.3945
1755067535.9904993,12.671,6.298,16.081,0.027,0.002,32.331,0.458,0,k,0.3768
1755067536.0529907,12.772,11.667,16.232,0.026,0.002,31.521,0.506,0,Bala,0.3534
1755067536.1253133,12.863,7.212,15.819,0.025,0.001,33.103,0.480,0,?,0.2354
1755067536.195638,12.911,8.942,16.103,0.024,0.001,31.115,0.491,0,?,0.1882
1755067536.2643716,13.020,5.726,15.684,0.026,0.001,31.596,0.455,0,?,0.1693
1755067536.3343406,13.085,6.686,15.856,0.025,0.001,31.552,0.632,0,?,0.1618
1755067536.400096,13.200,2.492,15.781,0.024,0.001,32.492,0.457,0,?,0.1611
1755067536.467484,13.302,8.001,16.172,0.024,0.001,32.933,0.420,0,?,0.1617
1755067536.5253167,13.456,5.608,16.106,0.026,0.001,32.518,0.510,0,?,0.1620
1755067536.5895376,13.544,6.417,16.218,0.023,0.001,33.068,0.451,0,?,0.1621
1755067536.6644094,13.635,8.132,16.210,0.023,0.001,34.517,0.434,0,?,0.1621
1755067536.7353165,13.671,8.739,16.676,0.024,0.001,33.880,0.537,0,?,0.1621
1755067536.7955155,13.912,7.116,16.240,0.024,0.001,34.778,0.461,0,?,0.1621
1755067536.854387,13.889,4.570,16.673,0.023,0.001,33.592,0.453,0,?,0.1621
1755067536.918037,14.089,10.320,16.576,0.023,0.001,36.748,0.447,0,?,0.1621
1755067536.997388,14.122,8.828,15.886,0.023,0.001,33.740,0.445,0,?,0.1621
1755067537.0584164,14.277,6.688,16.012,0.026,0.002,32.252,0.425,0,?,0.1621
1755067537.1250734,14.373,4.833,16.073,0.025,0.001,31.322,0.547,0,?,0.1621
1755067537.195434,14.312,10.332,16.255,0.025,0.001,32.370,0.435,0,?,0.1621
1755067537.2652562,14.349,10.945,16.494,0.025,0.001,32.492,0.439,0,?,0.1621
1755067537.3254662,14.319,5.405,16.596,0.032,0.002,32.246,0.449,0,?,0.1621
1755067537.3952281,14.358,5.192,16.139,0.026,0.001,32.837,0.444,0,?,0.1621
1755067537.4581568,14.374,6.596,16.134,0.028,0.001,32.401,0.484,0,?,0.1621
1755067537.5293524,14.389,5.700,16.165,0.026,0.002,32.594,0.490,0,?,0.1621
1755067537.5951595,14.383,7.181,15.894,0.025,0.001,32.195,0.438,0,?,0.1621
1755067537.6623547,14.415,6.612,16.140,0.026,0.001,31.574,0.437,0,?,0.1621
1755067537.728114,14.356,6.671,16.220,0.029,0.001,34.386,0.441,0,?,0.1621
1755067537.7864318,15.086,3.575,16.427,0.023,0.001,32.949,0.441,0,?,0.1621
1755067537.8461983,15.055,6.876,16.133,0.026,0.001,32.114,0.419,0,?,0.1621
1755067537.905227,15.138,5.557,16.191,0.026,0.001,32.963,0.468,0,?,0.1621
1755067537.964167,15.181,6.526,16.108,0.024,0.001,32.137,0.440,0,?,0.1621
1755067538.0280266,15.233,5.861,15.735,0.024,0.001,31.262,0.499,0,?,0.1621
1755067538.102074,15.205,10.780,15.994,0.025,0.001,31.145,0.615,0,?,0.1621
1755067538.1679862,15.221,2.129,16.282,0.025,0.001,32.660,0.469,0,?,0.1621
1755067538.2326016,15.270,2.651,15.798,0.025,0.001,31.134,0.521,0,?,0.1621
1755067538.3179843,15.125,6.695,30.406,0.026,0.002,31.213,0.434,0,?,0.1621
1755067538.3874059,15.095,6.815,15.881,0.024,0.001,31.356,0.439,0,?,0.1621
1755067538.4556272,15.026,4.390,16.217,0.025,0.001,31.323,0.493,0,?,0.1621
1755067538.5199804,15.022,2.666,15.919,0.025,0.001,33.234,0.446,0,?,0.1621
1755067538.5855315,15.073,10.653,16.515,0.026,0.001,31.792,0.418,0,?,0.1621
1755067538.6574194,15.059,6.674,16.094,0.036,0.001,31.316,0.424,0,?,0.1621
1755067538.7268813,15.032,4.870,15.994,0.026,0.001,32.560,0.428,0,?,0.1621
1755067538.793233,14.962,13.854,15.991,0.025,0.001,33.007,0.430,0,?,0.1621
1755067538.8562453,14.993,10.368,16.092,0.024,0.001,31.884,0.416,0,?,0.1621
1755067538.9230552,15.065,10.072,16.470,0.024,0.001,31.918,0.440,0,?,0.1621
1755067538.983519,15.086,6.178,15.991,0.024,0.001,31.855,0.446,0,?,0.1621
1755067539.0508797,15.062,5.487,16.417,0.029,0.001,32.600,0.427,0,?,0.1621
1755067539.1079714,15.196,5.739,16.285,0.024,0.001,31.966,0.438,0,?,0.1621
1755067539.16752,15.249,7.166,16.093,0.026,0.001,31.856,0.460,0,?,0.1621
1755067539.2298505,15.245,4.640,15.894,0.026,0.002,30.796,0.581,0,?,0.1621
1755067539.2854233,15.301,7.191,16.258,0.026,0.001,33.594,0.437,0,?,0.1621
1755067539.3566573,15.310,7.231,16.302,0.028,0.001,31.198,0.506,0,?,0.1621
1755067539.4221294,15.312,2.634,15.956,0.027,0.001,31.165,0.484,0,?,0.1621
1755067539.4936852,15.283,6.754,15.895,0.024,0.001,31.676,0.604,0,?,0.1621
1755067539.552704,15.340,6.540,16.372,0.025,0.001,33.003,0.455,0,?,0.1621
1755067539.626406,15.270,11.073,16.156,0.026,0.001,32.860,0.426,0,?,0.1621
1755067539.6942449,15.197,12.028,16.141,0.027,0.001,33.031,0.428,0,?,0.1621
1755067539.7533092,15.209,6.593,16.197,0.027,0.001,31.689,0.446,0,?,0.1621
1755067539.8206866,15.147,6.789,15.996,0.024,0.001,31.358,0.424,0,?,0.1621
1755067539.8807833,15.129,5.828,16.768,0.032,0.001,31.852,0.423,0,?,0.1621
1755067539.9470577,15.104,5.222,16.048,0.030,0.001,31.314,0.418,0,?,0.1621
1755067540.0178795,15.144,5.841,16.135,0.028,0.002,31.839,0.468,0,?,0.1621
1755067540.0872426,15.122,4.891,15.705,0.025,0.001,34.190,0.422,0,?,0.1621
1755067540.1451476,15.154,5.699,16.179,0.026,0.001,33.296,0.418,0,?,0.1621
1755067540.2180598,15.262,2.539,30.853,0.103,0.002,32.728,0.582,1,?,0.1708
1755067540.2914572,15.237,5.367,31.471,0.068,0.001,34.259,0.439,1,?,0.1506
1755067540.3550715,15.216,2.025,30.969,0.063,0.001,33.336,0.441,1,?,0.1277
1755067540.4349282,15.178,6.057,30.950,0.107,0.003,32.475,0.680,1,?,0.1637
1755067540.5052922,15.100,8.051,31.118,0.072,0.001,32.051,0.446,1,?,0.2050
1755067540.595224,14.987,6.335,44.466,0.025,0.001,33.231,0.451,0,?,0.2560
1755067540.667333,14.939,6.763,30.154,0.030,0.002,32.478,0.536,0,Aproveitar,0.3067
1755067540.7255242,14.997,7.263,15.965,0.026,0.001,33.372,0.439,0,Aproveitar,0.3382
1755067540.7864015,14.988,6.294,16.320,0.026,0.002,32.392,0.464,0,Aproveitar,0.3413
1755067540.8554335,15.000,4.838,15.982,0.026,0.002,32.268,0.466,0,Aproveitar,0.3092
1755067540.9252121,14.925,6.717,16.021,0.026,0.002,33.780,0.439,0,?,0.2514
1755067540.9854927,14.988,6.595,16.364,0.026,0.001,33.199,0.463,0,?,0.1896
1755067541.0551703,14.862,6.156,30.660,0.024,0.001,32.360,0.405,0,?,0.1388
1755067541.1253169,14.790,5.934,31.045,0.025,0.002,31.501,0.418,0,?,0.1021
1755067541.201293,14.717,5.726,30.224,0.023,0.001,31.723,0.464,0,?,0.0879
1755067541.2821262,14.555,2.676,30.162,0.026,0.001,32.238,0.448,0,?,0.0847
1755067541.3525808,14.537,5.193,29.980,0.026,0.001,31.731,0.413,0,?,0.0916
1755067541.4071016,14.606,5.603,16.206,0.025,0.001,31.951,0.425,0,?,0.1054
1755067541.4851341,14.564,10.780,30.279,0.025,0.001,32.344,0.492,0,?,0.1361
1755067541.5553205,14.477,6.655,30.328,0.025,0.001,31.832,0.624,0,?,0.1524
1755067541.6270998,14.486,6.572,30.311,0.023,0.001,32.719,0.419,0,?,0.1568
1755067541.6852882,14.562,6.165,16.303,0.025,0.001,32.026,0.415,0,?,0.1600
1755067541.7453413,14.551,7.110,16.045,0.026,0.001,34.452,0.452,0,?,0.1613
1755067541.8011346,14.626,6.260,16.263,0.024,0.001,31.964,0.438,0,?,0.1618
1755067541.8581493,14.655,6.267,16.155,0.027,0.001,31.745,0.439,0,?,0.1620
1755067541.9341154,14.607,10.562,16.082,0.025,0.001,32.435,0.465,0,?,0.1621
1755067541.9953222,14.634,7.700,16.197,0.024,0.001,33.612,0.442,0,?,0.1621
1755067542.0816104,14.545,10.082,30.414,0.024,0.001,33.156,0.457,0,?,0.1621
1755067542.1546886,14.450,4.841,30.605,0.024,0.001,33.528,0.509,0,?,0.1621
1755067542.2267973,14.388,11.180,30.769,0.025,0.002,32.624,0.429,0,?,0.1621
1755067542.3127627,14.354,6.644,31.042,0.023,0.001,32.760,0.647,0,?,0.1621
1755067542.3897972,14.297,4.887,32.225,0.024,0.001,33.205,0.421,0,?,0.1621
1755067542.4827344,14.158,10.663,30.769,0.024,0.001,33.467,0.402,0,?,0.1621
